player,club,rosterDesignation,position,nationality,age,mins,goals,xG,shots,shotsOnTgt,assists,xA,SCA,GCA,touches,carries,prgCarries,attPasses,succPasses,prgPasses,attDribbles,succDribbles,tackles,ints,blocks,salaryChange,salary2025,attack_score,creation_score,progression_score,dribbling_score,defense_score,overall_score,popularity,popularity_z
Riqui Puig,LA Galaxy,Designated Player,M,ESP,24,2897,0.53,0.34,3.79,1.27,0.34,0.27,6.46,0.93,115.47,85.12,5.5,105.25,89.81,15.63,4.38,2.3,0.75,0.43,0.68,"1,125,000","5,125,000",1.89,2.49,4.38,2.28,-0.97,2.01,0.51,0.46
Carles Gil,New England Revolution,Designated Player,M/F,ESP,31,2378,0.26,0.16,1.93,0.68,0.23,0.28,7.57,0.68,74.82,50.34,6.02,66.19,53.06,12.0,4.84,2.42,0.42,0.23,0.61,"250,000","4,250,000",0.45,2.22,2.24,2.54,-1.29,1.23,0.04,-0.14
Amar Sejdic,Nashville SC,,D/M,USA,27,306,0.0,0.12,1.76,0.59,0.0,0.06,3.24,0.0,92.06,55.59,2.35,78.24,70.0,9.71,1.47,0.29,2.65,1.76,1.47,"14,284","104,000",-0.05,-0.47,2.14,-0.41,1.29,0.5,0.0,-0.19
Nicolás Lodeiro,Orlando City,TAM Player,M/F,URU,34,1839,0.05,0.12,1.71,0.39,0.34,0.26,4.8,0.69,90.29,50.75,2.01,80.41,65.48,10.38,0.98,0.39,1.91,0.73,1.32,"-600,000","200,000",-0.11,1.88,2.02,-0.51,0.2,0.69,0.01,-0.18
Connor Ronan,Colorado Rapids,,M,IRL,25,2059,0.04,0.0,0.52,0.22,0.04,0.06,2.23,0.17,86.28,53.24,1.79,78.07,64.74,10.36,1.31,0.66,1.75,1.4,1.22,"20,000","490,000",-0.7,-0.38,1.95,-0.17,0.48,0.23,0.01,-0.18
Lorenzo Insigne,Toronto FC,Designated Player,F,ITA,32,1421,0.25,0.27,3.23,1.52,0.32,0.13,4.88,0.57,82.72,54.09,3.48,72.84,61.06,8.8,2.91,1.39,0.76,0.51,0.89,0,"7,500,000",1.4,1.34,1.93,1.0,-0.76,0.98,0.31,0.2
Gastón Brugman,LA Galaxy,TAM Player,D/M,URU,31,1318,0.0,0.1,1.5,0.48,0.07,0.1,3.0,0.27,90.41,52.24,0.96,79.21,71.02,9.76,0.75,0.2,2.87,2.19,1.78,0,"1,200,000",-0.21,0.05,1.9,-0.75,1.88,0.57,0.0,-0.19
Marky Delgado,LA Galaxy,TAM Player,M,USA,28,2680,0.03,0.04,0.47,0.17,0.13,0.15,3.26,0.3,87.21,49.4,1.68,77.0,68.37,7.89,0.94,0.44,2.49,1.11,1.81,"200,000","1,000,000",-0.69,0.4,1.7,-0.48,1.05,0.39,0.0,-0.19
Jordi Alba,Inter Miami,TAM Player,D,ESP,34,2528,0.18,0.1,0.93,0.39,0.36,0.26,3.38,0.53,86.76,49.13,2.21,80.07,64.65,6.62,0.96,0.5,1.03,0.64,0.85,"4,750,000","6,000,000",-0.16,1.47,1.65,-0.43,-0.59,0.39,0.9,0.95
João Paulo Mior,Seattle Sounders FC,,M,BRA,33,1408,0.0,0.03,1.41,0.32,0.06,0.08,3.13,0.13,87.83,48.71,1.21,78.11,66.99,7.86,1.21,0.64,1.53,1.79,1.34,"-800,000","600,000",-0.43,-0.16,1.62,-0.22,0.71,0.3,0.0,-0.19
Marco Reus,LA Galaxy,TAM Player,M/F,GER,35,504,0.18,0.23,1.07,0.54,0.54,0.23,6.79,0.71,77.5,47.86,3.04,68.93,61.07,7.86,2.32,0.71,1.25,0.89,0.36,"-80,000","880,000",0.16,2.59,1.58,0.24,-0.68,0.78,3.24,3.93
Yevhen Cheberko,Columbus Crew,TAM Player,D,UKR,26,1989,0.05,0.01,0.32,0.05,0.0,0.01,0.77,0.14,90.59,54.48,1.22,80.63,73.53,4.62,0.81,0.27,1.58,1.36,1.58,"105,000","610,000",-0.82,-0.91,1.58,-0.67,0.63,-0.04,0.0,-0.19
Jack McGlynn,Philadelphia Union,,M,USA,20,2399,0.15,0.08,2.03,0.71,0.19,0.2,4.54,0.3,75.18,47.31,1.73,66.82,56.42,10.28,1.05,0.45,1.76,0.45,1.13,"65,000","265,000",0.22,0.9,1.49,-0.44,-0.18,0.4,0.02,-0.16
Steven Moreira,Columbus Crew,TAM Player,D,CPV,29,2255,0.08,0.04,0.28,0.12,0.12,0.1,1.8,0.2,80.86,53.92,1.8,74.12,66.05,5.75,0.88,0.32,1.04,0.64,1.04,"20,000","820,000",-0.7,-0.15,1.49,-0.6,-0.45,-0.08,0.02,-0.16
Amine Bassi,Houston Dynamo,TAM Player,M/F,FRA,26,2775,0.1,0.22,1.95,0.49,0.19,0.17,5.51,0.49,73.04,45.41,3.34,65.48,55.23,8.46,1.26,0.65,0.75,0.23,0.58,"95,000","700,000",0.23,1.22,1.48,-0.2,-1.16,0.31,0.0,-0.19
Lionel Messi,Inter Miami,Designated Player,F,ARG,36,1789,1.06,0.73,5.28,2.41,0.6,0.31,6.89,1.36,68.12,46.89,4.33,54.23,41.6,10.26,6.44,3.17,1.01,0.1,0.25,0,"12,000,000",4.22,3.71,1.46,3.73,-1.36,2.35,14.64,18.42
Sergio Busquets,Inter Miami,Designated Player,D/M,ESP,35,2587,0.03,0.02,0.1,0.07,0.14,0.11,1.95,0.45,86.14,47.87,0.87,77.58,69.02,6.51,0.77,0.49,2.57,1.08,1.6,0,"8,499,996",-0.87,0.24,1.44,-0.51,0.91,0.24,0.77,0.79
Eduard Löwen,St. Louis City,TAM Player,M,GER,27,1858,0.24,0.26,2.37,0.63,0.1,0.23,4.41,0.39,78.91,45.05,2.86,65.88,49.12,7.99,3.1,1.31,2.13,0.63,1.36,"50,000","1,250,000",0.66,0.89,1.36,1.01,0.26,0.84,0.01,-0.18
George Campbell,CF Montréal,U22 Initiative,D,USA,22,2376,0.0,0.01,0.27,0.04,0.11,0.03,1.06,0.34,84.32,51.82,1.52,73.9,62.88,4.92,0.91,0.49,1.67,1.48,1.59,"75,000","475,000",-0.9,-0.35,1.34,-0.46,0.76,0.08,0.35,0.26
Dylan Chambost,Columbus Crew,,M/F,FRA,27,729,0.0,0.11,1.23,0.37,0.49,0.22,4.69,0.99,81.23,43.7,1.48,73.21,60.49,7.16,0.74,0.37,1.48,0.62,1.73,"75,000","450,000",-0.32,2.39,1.31,-0.61,0.23,0.6,0.01,-0.18
Rafael Santos,Orlando City,,D,BRA,26,2531,0.04,0.01,0.5,0.14,0.11,0.09,2.1,0.18,82.18,44.56,1.64,74.21,60.24,6.54,0.68,0.36,1.56,1.0,0.71,"50,004","375,000",-0.74,-0.17,1.31,-0.65,-0.22,-0.09,0.97,1.04
Malte Amundsen,Columbus Crew,,D,DEN,26,2385,0.04,0.0,0.11,0.04,0.08,0.05,1.55,0.19,84.49,47.92,0.91,75.43,65.66,5.43,0.57,0.45,1.89,1.85,1.17,"264,996","624,996",-0.9,-0.43,1.28,-0.61,0.79,0.02,0.0,-0.19
Federico Redondo,Inter Miami,U22 Initiative,D/M,ARG,21,1389,0.13,0.08,0.78,0.19,0.19,0.06,1.62,0.26,79.63,47.37,1.23,71.86,64.86,6.03,1.88,1.3,3.05,0.71,0.91,"582,000","732,000",-0.41,-0.09,1.26,0.55,0.41,0.34,0.36,0.27
Alhassan Yusuf,New England Revolution,TAM Player,M,NGA,24,470,0.0,0.11,1.91,0.57,0.19,0.21,2.68,0.38,73.53,43.85,2.11,60.89,53.04,9.0,2.49,0.96,4.02,1.91,1.34,"50,000","850,000",-0.04,0.68,1.25,0.5,1.9,0.86,0.11,-0.05
Joel Waterman,CF Montréal,,D,CAN,28,2248,0.0,0.0,0.12,0.08,0.0,0.02,0.6,0.08,85.6,56.21,0.24,76.75,69.54,3.52,0.4,0.32,1.24,1.8,1.4,"138,250","474,250",-0.93,-0.99,1.24,-0.78,0.63,-0.17,0.01,-0.18
Maximiliano Moralez,New York City FC,,M/F,ARG,37,1255,0.07,0.12,0.93,0.36,0.36,0.29,5.81,0.86,71.43,42.1,2.51,63.9,49.41,8.82,1.51,0.65,1.15,0.57,0.5,0,"480,000",-0.29,2.39,1.23,-0.11,-0.83,0.48,0.0,-0.19
Alonso Coello,Toronto FC,,D/M,ESP,24,1620,0.06,0.02,0.5,0.28,0.11,0.09,3.06,0.44,79.89,43.28,0.61,70.61,59.61,8.22,1.28,0.83,2.5,1.61,1.61,"110,296","200,012",-0.62,0.31,1.22,-0.05,1.22,0.42,0.0,-0.19
Tim Leibold,Sporting Kansas City,,D,GER,30,2233,0.04,0.02,0.56,0.16,0.04,0.11,2.34,0.12,75.29,40.87,2.34,66.78,54.73,7.66,0.85,0.2,2.46,1.13,1.09,"325,000","925,000",-0.7,-0.28,1.22,-0.71,0.53,0.01,0.0,-0.19
Franco Escobar,Houston Dynamo,,D,ARG,29,2105,0.09,0.03,0.43,0.17,0.04,0.07,1.24,0.13,81.92,44.85,1.54,70.97,63.28,4.49,1.07,0.68,3.59,1.24,1.54,"75,000","550,000",-0.64,-0.58,1.13,-0.24,1.43,0.22,0.03,-0.15
Luciano Acosta,FC Cincinnati,Designated Player,M/F,ARG,29,3093,0.41,0.3,2.65,0.76,0.49,0.43,7.51,0.87,67.83,41.9,3.87,54.06,39.52,8.32,6.72,2.68,1.31,0.44,0.93,"80,000","3,040,000",1.09,3.38,1.12,3.44,-0.53,1.7,0.22,0.09
Cole Bassett,Colorado Rapids,U22 Initiative,M/F,USA,22,2639,0.31,0.22,2.35,0.82,0.24,0.17,3.17,0.48,69.44,44.06,2.63,58.49,49.83,7.74,1.3,0.72,2.25,0.65,1.23,0,"850,000",0.79,0.87,1.12,-0.13,0.24,0.58,0.01,-0.18
Nelson Palacio,Real Salt Lake,U22 Initiative,M,COL,22,827,0.11,0.03,0.87,0.22,0.11,0.05,2.39,0.22,78.68,45.49,0.65,66.71,59.53,7.07,1.2,0.54,1.96,1.31,0.87,"50,000","380,000",-0.48,-0.18,1.11,-0.31,0.27,0.08,0.01,-0.18
Joshua Atencio,Seattle Sounders FC,U22 Initiative,D/M,USA,22,1078,0.0,0.13,2.25,0.5,0.08,0.08,3.09,0.08,79.81,40.74,2.34,63.28,50.26,6.43,1.84,1.17,3.09,2.25,2.34,0,"350,000",0.03,-0.19,1.08,0.43,2.41,0.75,0.0,-0.19
Mauricio Cuevas,LA Galaxy,Homegrown Player,D,USA,21,355,0.25,0.13,1.01,0.25,0.25,0.23,2.54,0.51,85.94,46.65,1.52,69.46,55.27,4.31,1.01,0.76,3.04,3.3,1.01,"25,000","150,000",-0.08,0.98,1.08,-0.2,2.11,0.78,0.03,-0.15
Rudy Camacho,Columbus Crew,,D,FRA,32,2569,0.04,0.01,0.28,0.07,0.04,0.01,0.81,0.04,85.13,49.33,0.56,76.27,67.44,2.84,0.39,0.25,1.4,1.58,1.19,"50,000","525,000",-0.83,-0.94,1.07,-0.84,0.41,-0.23,0.01,-0.18
Eduard Atuesta,Los Angeles FC,TAM Player,M,COL,26,2343,0.15,0.11,1.46,0.58,0.08,0.1,4.57,0.42,69.95,42.45,1.57,58.89,48.25,8.99,2.92,1.5,1.81,1.65,1.15,"-89,700","600,000",0.05,0.54,1.04,1.1,0.61,0.67,0.01,-0.18
Ian Murphy,FC Cincinnati,,D,USA,24,2380,0.0,0.01,0.11,0.0,0.0,0.0,0.64,0.08,76.58,47.91,0.91,68.48,59.22,5.03,0.15,0.04,1.55,1.13,1.13,"310,284","400,000",-0.97,-1.04,1.01,-1.1,0.15,-0.39,0.17,0.03
Edwin Cerrillo,LA Galaxy,,D/M,USA,23,2337,0.04,0.0,0.15,0.04,0.0,0.02,0.85,0.08,78.64,49.14,0.35,71.51,67.55,3.58,1.04,0.46,1.42,0.58,1.16,"125,000","525,000",-0.9,-0.94,0.98,-0.43,-0.23,-0.3,0.01,-0.18
Miki Yamane,LA Galaxy,TAM Player,D,JPN,30,3281,0.0,0.01,0.14,0.03,0.14,0.08,1.7,0.22,77.66,39.83,1.4,68.08,60.57,4.61,1.4,0.69,1.95,1.1,1.01,"228,000","778,000",-0.94,-0.16,0.92,-0.11,0.23,-0.01,0.02,-0.16
Tomás Avilés,Inter Miami,U22 Initiative,D,ARG,20,2440,0.0,0.02,0.3,0.07,0.0,0.01,0.44,0.07,79.56,48.54,0.66,70.16,63.7,3.06,0.48,0.3,2.03,1.55,1.03,"54,996","439,992",-0.86,-1.06,0.92,-0.77,0.56,-0.24,0.05,-0.13
Gabriel Chaves,LA Galaxy,U22 Initiative,F,BRA,23,3085,0.58,0.51,4.08,1.93,0.44,0.37,4.46,0.96,60.45,41.16,6.39,46.53,39.82,3.71,5.16,2.39,1.25,0.61,0.85,0,"1,680,000",2.66,2.65,0.91,2.64,-0.51,1.67,0.04,-0.14
Chidozie Awaziem,FC Cincinnati,TAM Player,D,NGA,27,923,0.0,0.06,0.88,0.2,0.29,0.1,1.27,0.29,70.5,42.71,1.17,62.02,53.24,6.92,0.29,0.2,1.07,0.78,1.17,"192,000","1,272,000",-0.58,0.2,0.91,-0.92,-0.25,-0.13,0.02,-0.16
Alex Roldan,Seattle Sounders FC,,D,SLV,27,2614,0.03,0.06,0.79,0.07,0.0,0.03,2.2,0.1,74.85,41.45,1.58,64.83,53.57,5.23,1.48,0.83,1.72,0.9,1.55,"65,000","530,000",-0.64,-0.64,0.88,0.03,0.38,0.0,0.2,0.06
Kipp Keller,FC Cincinnati,,D,USA,23,819,0.0,0.07,0.66,0.0,0.0,0.0,0.55,0.0,79.56,50.11,0.44,68.9,59.89,3.3,0.44,0.33,0.88,1.1,2.09,"14,284","104,000",-0.74,-1.15,0.88,-0.76,0.52,-0.25,0.0,-0.19
Jalen Neal,LA Galaxy,Homegrown Player,D,USA,20,1479,0.0,0.0,0.06,0.0,0.0,0.01,0.61,0.0,78.8,48.92,0.12,70.77,66.94,2.68,0.24,0.12,1.58,0.97,0.97,"435,000","600,000",-0.99,-1.11,0.86,-1.0,-0.05,-0.46,0.0,-0.19
Noah Allen,Inter Miami,Homegrown Player,D,USA,19,1011,0.0,0.01,0.09,0.0,0.0,0.01,0.53,0.0,76.47,47.09,1.25,65.79,57.77,3.12,0.36,0.18,2.14,0.8,1.6,"35,284","125,000",-0.97,-1.12,0.84,-0.91,0.54,-0.32,0.17,0.03
Danny Leyva,Seattle Sounders FC,,D/M,USA,20,346,0.0,0.08,2.34,0.0,0.0,0.13,5.72,0.26,72.05,41.1,0.78,63.47,49.68,7.02,1.3,0.52,1.3,1.56,1.56,"90,000","325,000",-0.31,0.49,0.83,-0.29,0.62,0.27,0.0,-0.19
Sam Adekugbe,Vancouver Whitecaps FC,TAM Player,D,CAN,29,1163,0.08,0.05,0.93,0.31,0.15,0.26,2.32,0.31,66.24,40.78,3.25,58.12,47.98,4.49,0.7,0.39,0.7,0.7,0.54,"50,000","875,000",-0.42,0.6,0.81,-0.61,-0.92,-0.11,0.01,-0.18
Sean Zawadzki,Columbus Crew,Homegrown Player,M,USA,23,2175,0.04,0.03,0.58,0.21,0.04,0.05,1.82,0.21,71.13,41.71,1.28,62.28,56.03,5.05,1.24,0.58,2.36,1.49,1.12,"25,000","400,000",-0.65,-0.44,0.79,-0.26,0.74,0.04,0.01,-0.18
Pedro Vite,Vancouver Whitecaps FC,U22 Initiative,M/F,ECU,21,2299,0.04,0.05,1.1,0.31,0.04,0.05,2.31,0.23,65.42,40.6,1.14,57.23,49.64,7.79,1.37,0.47,1.64,1.21,0.94,"55,000","676,000",-0.43,-0.33,0.79,-0.3,0.11,-0.03,0.05,-0.13
Wyatt Omsberg,Chicago Fire,,D,USA,28,914,0.0,0.01,0.3,0.0,0.0,0.02,0.79,0.1,83.01,48.74,0.1,73.36,62.92,1.67,0.0,0.0,0.98,2.07,0.69,"-75,000","125,000",-0.92,-0.93,0.79,-1.18,0.18,-0.41,0.0,-0.19
Federico Bernardeschi,Toronto FC,Designated Player,F,ITA,30,2547,0.28,0.27,3.46,1.13,0.21,0.24,4.91,0.57,62.19,38.9,5.23,47.99,36.22,4.73,6.47,3.14,0.88,0.81,0.6,0,"3,125,000",1.28,1.44,0.78,3.72,-0.73,1.3,0.1,-0.06
Evander,Portland Timbers,Designated Player,M/F,BRA,25,2639,0.58,0.4,3.65,1.57,0.55,0.42,6.1,0.85,65.41,38.09,2.49,53.24,40.75,7.54,3.62,1.57,1.19,0.24,0.65,"1,270,000","3,200,000",2.18,3.19,0.77,1.41,-0.91,1.33,3.73,4.55
Andrew Brody,Real Salt Lake,,D,USA,28,2264,0.0,0.02,0.28,0.04,0.04,0.04,1.43,0.08,70.6,38.12,2.07,62.53,53.39,4.73,1.27,0.52,0.83,1.23,0.8,0,"275,000",-0.89,-0.69,0.77,-0.3,-0.34,-0.29,0.04,-0.14
Raheem Edwards,CF Montréal,,D,CAN,28,1619,0.0,0.02,0.83,0.33,0.28,0.13,2.45,0.28,72.04,44.64,2.11,58.31,46.2,4.45,3.61,1.45,2.72,1.45,1.28,"40,000","375,000",-0.59,0.47,0.76,1.31,0.99,0.59,0.0,-0.19
Maya Yoshida,LA Galaxy,TAM Player,D,JPN,35,3395,0.05,0.05,0.5,0.16,0.03,0.0,0.61,0.13,80.83,46.52,0.03,71.1,66.35,1.96,0.19,0.16,0.64,1.41,1.46,"-345,000","455,000",-0.65,-0.92,0.76,-0.99,0.16,-0.33,0.1,-0.06
Aníbal Godoy,Nashville SC,TAM Player,D/M,PAN,34,1554,0.06,0.04,0.64,0.17,0.17,0.06,2.26,0.29,67.88,36.31,0.87,60.12,53.75,7.41,0.81,0.35,2.03,1.91,0.98,"-275,000","375,000",-0.61,0.02,0.75,-0.61,0.75,0.06,0.01,-0.18
Sam Vines,Colorado Rapids,TAM Player,D,USA,24,2273,0.04,0.07,0.59,0.2,0.04,0.07,1.54,0.16,66.8,36.51,2.22,59.12,47.83,6.18,0.63,0.36,1.27,0.95,1.15,"50,000","900,000",-0.59,-0.49,0.75,-0.66,-0.07,-0.21,0.0,-0.19
Derrick Jones,Columbus Crew,,M,USA,27,566,0.0,0.02,0.48,0.32,0.16,0.1,1.11,0.48,73.94,42.77,1.11,65.19,58.99,3.34,1.11,0.64,2.54,0.95,0.48,"25,004","350,000",-0.68,0.13,0.74,-0.26,0.02,-0.01,1.33,1.5
Santiago Moreno,Portland Timbers,U22 Initiative,F,COL,23,2570,0.21,0.18,2.24,0.74,0.39,0.25,5.11,0.63,60.23,38.35,4.03,45.98,35.37,6.76,4.69,2.28,2.0,0.91,1.4,"75,000","625,000",0.52,1.94,0.73,2.37,0.41,1.19,0.2,0.06
Braian Ojeda,Real Salt Lake,U22 Initiative,M,PAR,23,2959,0.06,0.08,1.16,0.33,0.12,0.06,2.37,0.27,69.35,40.76,1.16,58.88,52.35,5.87,2.52,1.55,1.58,1.06,0.79,"50,000","650,000",-0.33,-0.08,0.73,0.99,-0.12,0.24,0.0,-0.19
Edwin Mosquera,Atlanta United,U22 Initiative,F,COL,22,655,0.14,0.37,3.02,0.96,0.41,0.32,6.05,0.55,53.73,37.92,8.11,39.44,26.79,2.89,5.91,2.61,1.37,0.69,0.69,"25,000","425,000",1.05,2.26,0.72,3.09,-0.52,1.32,0.01,-0.18
Matthew Longstaff,Toronto FC,Homegrown Player,M,ENG,23,2301,0.08,0.12,0.82,0.27,0.08,0.05,2.11,0.16,68.53,39.47,1.25,60.04,51.51,5.71,0.98,0.47,1.88,0.47,1.17,"115,000","312,000",-0.36,-0.36,0.7,-0.45,-0.09,-0.11,0.0,-0.19
Luca Orellano,FC Cincinnati,TAM Player,F,ARG,23,2980,0.36,0.27,3.14,1.45,0.15,0.23,4.23,0.36,60.67,38.17,5.29,48.11,36.27,3.53,4.92,2.51,1.18,0.33,0.82,"510,284","600,000",1.49,0.92,0.66,2.64,-0.74,1.0,0.07,-0.1
Cristian Roldan,Seattle Sounders FC,TAM Player,M,USA,28,3169,0.06,0.09,1.11,0.23,0.03,0.09,2.9,0.28,66.63,37.77,1.39,57.03,46.69,6.73,1.62,0.77,2.13,0.77,1.36,"125,000","1,545,000",-0.38,-0.07,0.66,0.03,0.35,0.12,0.02,-0.16
Tristan Blackmon,Vancouver Whitecaps FC,TAM Player,D,USA,27,2250,0.0,0.05,0.48,0.08,0.04,0.03,1.28,0.08,74.24,41.68,0.6,65.84,56.8,3.56,0.2,0.16,0.52,1.0,0.72,"50,000","800,000",-0.77,-0.75,0.65,-0.98,-0.68,-0.51,0.0,-0.19
Kyle Smith,Orlando City,,D,USA,32,1276,0.0,0.05,0.35,0.0,0.07,0.06,2.26,0.28,71.38,34.56,0.92,61.79,50.85,6.07,0.56,0.28,1.55,0.63,1.06,"-20,000","270,000",-0.84,-0.19,0.64,-0.75,-0.21,-0.27,1.41,1.6
Mohamed Farsi,Columbus Crew,,M,ALG,24,2047,0.18,0.15,0.57,0.26,0.09,0.15,2.9,0.35,65.2,40.93,2.68,57.02,49.59,3.34,2.11,0.75,0.92,0.31,1.01,"75,000","425,000",-0.24,0.31,0.63,0.2,-0.73,0.03,0.02,-0.16
Andrew Farrell,New England Revolution,TAM Player,D,USA,31,552,0.0,0.02,0.33,0.0,0.0,0.0,2.12,0.33,70.76,39.13,1.3,64.4,51.85,4.08,0.49,0.16,1.3,0.49,1.14,"-508,750","175,000",-0.9,-0.47,0.63,-0.88,-0.35,-0.39,0.04,-0.14
Noah Eile,New York Red Bulls,U22 Initiative,D,SWE,21,2488,0.0,0.01,0.47,0.18,0.04,0.05,1.23,0.18,71.19,42.25,0.94,61.31,52.89,4.16,0.22,0.11,1.19,1.88,0.8,"20,000","440,000",-0.78,-0.59,0.63,-1.02,0.23,-0.3,0.0,-0.19
Jackson Ragen,Seattle Sounders FC,,D,USA,25,3232,0.08,0.04,0.64,0.08,0.03,0.01,0.89,0.03,71.65,43.08,0.5,63.32,56.95,3.79,0.28,0.08,0.89,0.81,1.09,"501,739","600,000",-0.64,-0.96,0.63,-1.02,-0.37,-0.47,0.0,-0.19
Sebastian Lletget,FC Dallas,TAM Player,M,USA,31,1950,0.09,0.16,0.83,0.42,0.32,0.25,3.42,0.42,66.6,38.26,1.34,57.97,49.98,5.63,1.29,0.6,1.66,0.6,0.88,"50,000","800,000",-0.19,1.24,0.62,-0.23,-0.31,0.23,0.09,-0.08
Cody Baker,Seattle Sounders FC,Homegrown Player,D,USA,20,479,0.0,0.0,0.19,0.0,0.19,0.11,2.25,0.56,69.52,37.2,2.44,58.06,43.78,4.51,1.13,0.38,3.01,0.75,0.75,"14,284","104,000",-0.96,0.52,0.62,-0.46,0.3,0.0,0.05,-0.13
Jake Davis,Sporting Kansas City,Homegrown Player,D,USA,22,2225,0.12,0.02,0.61,0.16,0.12,0.09,2.35,0.49,69.98,36.2,1.9,59.58,46.72,4.98,1.01,0.4,2.95,1.13,1.62,"280,000","400,000",-0.58,0.26,0.62,-0.49,1.13,0.19,0.34,0.24
Bjørn Inge Utvik,Vancouver Whitecaps FC,,D,NOR,28,1814,0.0,0.06,0.6,0.2,0.0,0.02,0.99,0.0,71.05,44.7,0.35,62.81,55.12,4.02,0.15,0.1,1.04,0.4,0.89,"120,000","570,000",-0.65,-1.01,0.62,-1.05,-0.71,-0.56,0.0,-0.19
Thiago Martins,New York City FC,Designated Player,D,BRA,28,3269,0.03,0.03,0.44,0.08,0.0,0.01,0.52,0.06,71.36,41.6,0.5,62.88,56.0,3.96,0.08,0.08,0.63,0.8,1.1,"-300,000","1,700,000",-0.77,-1.05,0.6,-1.09,-0.49,-0.56,0.52,0.47
Claudio Bravo,Portland Timbers,TAM Player,D,ARG,27,1638,0.0,0.01,0.55,0.0,0.11,0.04,1.81,0.16,69.73,34.23,2.53,56.54,43.41,4.84,2.09,1.15,3.46,1.43,2.42,"175,000","500,000",-0.86,-0.39,0.59,0.51,2.12,0.39,0.99,1.07
João Pedro,Charlotte FC,,D,BRA,20,460,0.0,0.02,0.59,0.0,0.0,0.02,1.96,0.0,70.24,35.22,2.15,61.63,45.39,4.3,0.98,0.59,1.76,0.98,0.78,"14,284","104,000",-0.83,-0.83,0.59,-0.35,-0.1,-0.3,2.74,3.29
Ethan Bartlow,Houston Dynamo,,D,USA,24,851,0.0,0.01,0.32,0.0,0.0,0.0,0.32,0.0,73.61,44.0,0.42,63.98,54.78,3.28,0.85,0.63,1.9,0.42,2.12,"25,000","275,000",-0.91,-1.19,0.59,-0.37,0.57,-0.26,0.0,-0.19
Carlos Terán,Chicago Fire,,D,COL,23,1219,0.07,0.07,0.59,0.22,0.07,0.04,1.4,0.15,76.86,43.93,0.15,65.78,54.34,3.1,0.44,0.37,1.99,2.07,1.62,"50,000","579,000",-0.53,-0.56,0.59,-0.73,1.29,0.01,0.0,-0.19
Yaw Yeboah,Columbus Crew,TAM Player,F,GHA,26,1052,0.09,0.14,1.54,0.34,0.43,0.31,4.02,0.86,59.71,39.35,3.59,49.62,41.49,4.36,3.68,1.45,1.03,0.77,0.6,"-50,000","550,000",-0.1,2.26,0.58,1.34,-0.68,0.68,0.01,-0.18
Nouhou Tolo,Seattle Sounders FC,,D,CMR,26,2496,0.0,0.01,0.54,0.07,0.04,0.03,1.41,0.04,65.19,36.56,2.7,55.13,46.12,4.4,2.13,0.97,1.26,1.19,1.05,0,"550,000",-0.82,-0.77,0.58,0.38,0.0,-0.12,0.05,-0.13
DeJuan Jones,New England Revolution,TAM Player,D,USA,26,1959,0.09,0.07,0.51,0.14,0.09,0.07,2.02,0.18,67.49,37.3,2.76,56.28,45.85,3.72,1.79,0.6,1.93,1.33,1.42,"53,004","840,000",-0.57,-0.28,0.58,-0.04,0.66,0.07,0.01,-0.18
Deybi Flores,Toronto FC,TAM Player,D/M,HON,27,2089,0.04,0.03,0.78,0.17,0.04,0.02,1.21,0.13,71.3,38.77,0.34,60.83,52.04,5.47,1.25,0.65,2.8,1.51,0.95,"200,000","600,000",-0.62,-0.73,0.58,-0.2,0.83,-0.03,0.02,-0.16
Bartosz Slisz,Atlanta United,Designated Player,D/M,POL,24,2968,0.06,0.04,0.91,0.12,0.0,0.08,2.3,0.09,63.44,34.42,2.06,53.67,45.52,6.25,1.06,0.58,2.09,1.36,1.09,"40,000","670,000",-0.57,-0.49,0.57,-0.33,0.51,-0.06,0.07,-0.1
David Ayala,Portland Timbers,,D/M,ARG,21,1624,0.06,0.07,1.0,0.17,0.06,0.07,1.77,0.06,69.5,39.96,0.39,56.58,48.55,5.99,1.77,1.22,3.21,2.16,1.55,"25,000","425,000",-0.48,-0.53,0.55,0.45,1.85,0.37,0.09,-0.08
Juan David Mosquera,Portland Timbers,U22 Initiative,D,COL,21,2954,0.03,0.03,0.64,0.21,0.12,0.2,2.86,0.27,62.12,34.12,3.11,53.47,44.39,4.69,1.86,0.82,1.77,0.64,0.88,"25,000","425,000",-0.64,0.42,0.55,0.16,-0.23,0.05,0.01,-0.18
Matt Polster,New England Revolution,,D/M,USA,30,2700,0.0,0.02,0.4,0.07,0.03,0.01,1.07,0.07,69.8,38.2,0.4,62.0,55.27,4.77,0.6,0.33,1.47,1.67,0.9,"75,000","625,000",-0.84,-0.88,0.55,-0.7,0.3,-0.31,0.0,-0.19
John Nelson,LA Galaxy,,D,USA,25,1491,0.06,0.01,0.24,0.12,0.06,0.06,0.97,0.24,66.7,37.0,1.63,57.59,49.98,4.47,0.54,0.18,1.75,1.39,0.85,0,"275,000",-0.79,-0.5,0.54,-0.84,0.21,-0.28,1.21,1.35
Luis Muriel,Orlando City,Designated Player,F,COL,32,1716,0.26,0.25,2.94,0.84,0.31,0.28,4.93,0.68,53.55,35.66,4.04,40.8,31.99,6.87,4.93,2.41,1.42,0.16,0.47,"-332,817","2,500,000",0.93,1.89,0.52,2.57,-0.99,0.98,0.26,0.14
James Sands,New York City FC,TAM Player,D/M,USA,23,3035,0.03,0.01,0.39,0.06,0.03,0.04,1.28,0.15,70.07,33.42,0.68,59.72,51.48,5.75,0.74,0.5,2.73,1.6,1.6,"250,000","1,250,000",-0.82,-0.66,0.52,-0.51,1.31,-0.03,0.09,-0.08
Teenage Hadebe,FC Cincinnati,TAM Player,D,ZIM,29,486,0.0,0.2,0.56,0.37,0.19,0.0,0.74,0.19,70.0,37.59,0.19,60.0,46.48,6.3,0.19,0.0,2.59,1.3,2.41,"255,048","960,000",-0.35,-0.51,0.52,-1.11,1.64,0.04,0.01,-0.18
Ali Ahmed,Vancouver Whitecaps FC,,M,CAN,23,1500,0.06,0.08,1.08,0.24,0.0,0.16,3.3,0.24,56.28,36.0,4.68,44.58,35.7,4.26,3.42,1.92,1.98,1.44,1.44,"50,000","150,000",-0.4,0.1,0.51,1.62,0.76,0.52,2.22,2.63
Keaton Parks,New York City FC,TAM Player,D/M,USA,26,2969,0.06,0.18,1.21,0.24,0.06,0.1,2.21,0.21,64.75,33.59,1.46,54.56,45.95,6.31,1.61,0.82,1.82,0.49,1.0,"-500,000","400,000",-0.21,-0.18,0.51,0.07,-0.22,-0.01,0.0,-0.19
Jackson Yueill,San Jose Earthquakes,TAM Player,M,USA,26,2483,0.04,0.07,0.69,0.14,0.04,0.09,1.85,0.11,63.69,38.82,0.94,56.62,50.24,5.44,0.8,0.36,1.52,0.94,0.47,"186,750","1,086,750",-0.6,-0.44,0.51,-0.6,-0.45,-0.31,0.0,-0.19
Ryan Hollingshead,Los Angeles FC,,D,USA,32,2552,0.04,0.05,0.81,0.28,0.11,0.11,2.33,0.25,64.43,35.27,2.75,52.97,42.92,4.41,1.27,0.46,2.47,1.55,1.23,"-2,500","642,500",-0.52,0.01,0.5,-0.35,0.9,0.11,0.0,-0.19
Darlington Nagbe,Columbus Crew,Designated Player,M,USA,33,2557,0.0,0.0,0.14,0.04,0.04,0.04,1.65,0.14,63.39,40.16,0.84,58.43,55.93,4.22,0.77,0.53,0.95,0.28,0.81,"25,000","1,425,000",-0.95,-0.58,0.5,-0.48,-0.88,-0.48,0.01,-0.18
Maximilian Arfsten,Columbus Crew,,F,USA,22,2129,0.21,0.15,1.78,0.55,0.21,0.23,3.04,0.55,60.96,38.72,3.26,50.56,41.43,3.64,3.8,2.41,1.9,0.68,1.14,"260,284","350,000",0.26,1.04,0.49,2.15,0.03,0.79,0.0,-0.19
David Ruiz,Inter Miami,Homegrown Player,D/M,HON,20,1151,0.16,0.12,1.09,0.39,0.16,0.04,1.33,0.31,64.35,38.39,2.66,51.14,44.49,3.75,3.13,1.72,2.66,1.41,1.25,"32,599","104,000",-0.12,-0.2,0.49,1.35,0.91,0.49,0.54,0.5
Erik Thommy,Sporting Kansas City,TAM Player,M/F,GER,29,2355,0.34,0.24,3.17,0.92,0.15,0.11,4.01,0.34,54.84,35.89,4.97,42.84,33.59,4.24,3.1,1.41,1.22,0.5,1.18,"500,000","1,500,000",1.12,0.51,0.49,1.09,-0.36,0.57,0.01,-0.18
Bryce Duke,CF Montréal,,M/F,USA,22,2225,0.12,0.09,1.38,0.49,0.16,0.18,3.72,0.32,63.95,42.39,1.46,52.99,42.59,4.93,2.27,0.85,1.38,0.77,0.89,"25,000","350,000",-0.09,0.66,0.49,0.33,-0.32,0.21,0.03,-0.15
Nathan-Dylan Saliba,CF Montréal,Homegrown Player,M,CAN,19,1861,0.1,0.05,1.45,0.34,0.05,0.05,1.6,0.05,63.59,38.74,1.06,53.68,45.89,5.85,1.89,1.35,2.22,0.48,0.97,"35,000","165,000",-0.25,-0.65,0.48,0.6,-0.07,0.02,0.0,-0.19
Aaron Herrera,D.C. United,,D,GUA,26,2594,0.03,0.03,1.08,0.31,0.14,0.12,3.54,0.28,63.94,33.86,2.67,52.6,40.32,5.1,1.87,1.28,2.26,1.46,1.77,"75,000","825,000",-0.48,0.36,0.48,0.53,1.14,0.41,0.05,-0.13
Eddie Segura,Los Angeles FC,,D,COL,27,1434,0.0,0.05,0.75,0.25,0.06,0.02,0.88,0.06,72.3,40.61,0.44,61.82,54.16,3.14,0.44,0.19,1.13,1.32,1.63,"327,500","577,500",-0.6,-0.84,0.48,-0.87,0.44,-0.28,0.0,-0.19
Brayan Vera,Real Salt Lake,TAM Player,D,COL,25,2257,0.12,0.09,0.92,0.28,0.08,0.08,1.32,0.2,70.02,38.8,0.76,60.73,49.17,4.11,0.32,0.2,1.6,0.6,1.6,"25,004","500,004",-0.32,-0.38,0.48,-0.91,0.18,-0.19,0.0,-0.19
Miles Robinson,FC Cincinnati,TAM Player,D,USA,26,2619,0.03,0.03,0.34,0.07,0.0,0.06,0.76,0.14,69.73,39.73,0.45,60.27,52.13,4.19,0.21,0.14,1.92,1.41,1.2,"71,591","1,503,411",-0.8,-0.77,0.48,-0.99,0.55,-0.31,0.2,0.06
Jasper Löffelsend,Colorado Rapids,,M,GER,26,378,0.0,0.02,0.95,0.24,0.0,0.0,0.95,0.48,68.81,39.76,0.95,55.95,45.71,4.76,2.38,1.9,3.81,0.95,0.95,"25,000","255,000",-0.61,-0.52,0.47,1.22,0.93,0.3,0.0,-0.19
Nemanja Radoja,Sporting Kansas City,Designated Player,D/M,SRB,31,2127,0.04,0.06,0.63,0.21,0.13,0.06,1.86,0.21,64.82,37.66,0.68,57.46,50.23,4.95,1.06,0.63,1.82,0.85,1.02,"-140,000","1,300,000",-0.59,-0.22,0.44,-0.29,0.02,-0.13,0.0,-0.19
Fernando Álvarez,CF Montréal,,D,COL,20,2350,0.04,0.01,0.15,0.04,0.04,0.02,0.65,0.11,68.59,40.79,0.84,60.32,52.54,2.83,0.19,0.08,1.19,1.3,0.92,"50,000","275,000",-0.88,-0.86,0.44,-1.05,-0.05,-0.48,0.09,-0.08
Khiry Shelton,Sporting Kansas City,,F,USA,30,1123,0.0,0.03,0.48,0.16,0.16,0.03,1.28,0.32,65.88,32.46,1.92,55.06,47.04,4.57,1.76,0.96,2.16,1.76,1.12,"25,000","725,000",-0.75,-0.23,0.43,0.23,0.82,0.1,0.0,-0.19
Wilder Cartagena,Orlando City,,D/M,PER,29,2702,0.0,0.05,0.87,0.3,0.03,0.06,1.63,0.13,64.75,36.37,0.5,55.73,48.23,5.9,1.07,0.57,2.9,0.77,1.03,0,"480,000",-0.55,-0.56,0.43,-0.33,0.46,-0.11,0.03,-0.15
Zorhan Bassong,Sporting Kansas City,,D,CAN,24,1338,0.0,0.02,0.34,0.0,0.07,0.17,2.89,0.27,62.22,34.1,1.75,52.8,42.91,5.78,0.94,0.61,2.76,1.01,1.35,"14,284","104,000",-0.89,0.23,0.43,-0.35,0.78,0.04,0.01,-0.18
Ashley Westwood,Charlotte FC,TAM Player,D/M,ENG,33,3390,0.05,0.02,0.21,0.05,0.13,0.16,2.95,0.19,62.87,33.66,0.5,58.35,46.83,6.66,0.29,0.21,0.58,0.8,0.56,0,"750,000",-0.83,0.24,0.43,-0.91,-0.89,-0.39,0.05,-0.13
Lassi Lappalainen,CF Montréal,TAM Player,F,FIN,25,331,0.0,0.16,1.9,0.27,0.27,0.24,1.9,0.27,62.54,33.99,4.08,46.22,36.16,3.53,3.81,2.72,2.99,0.82,2.72,"-395,000","325,000",-0.14,0.66,0.42,2.4,1.73,1.02,0.0,-0.19
Mark-Anthony Kaye,New England Revolution,TAM Player,M,CAN,29,1473,0.0,0.03,0.49,0.12,0.0,0.03,2.81,0.06,67.09,35.62,0.67,55.6,47.17,5.56,0.98,0.67,3.3,0.92,2.14,"50,000","800,000",-0.77,-0.57,0.42,-0.29,1.52,0.06,0.0,-0.19
Jahkeele Marshall-Rutty,Toronto FC,,D,CAN,19,1834,0.05,0.04,1.03,0.2,0.15,0.13,1.77,0.29,57.96,35.77,3.39,48.78,40.24,3.88,1.77,0.93,1.52,0.74,1.23,"200,000","375,000",-0.51,0.1,0.41,0.21,-0.03,0.03,0.0,-0.19
William Sands,Columbus Crew,,D,USA,23,689,0.0,0.01,0.52,0.26,0.26,0.09,1.44,0.26,64.27,39.19,2.48,51.86,45.85,2.74,2.35,0.52,1.96,0.91,1.31,"150,000","275,000",-0.72,0.11,0.41,0.1,0.33,0.05,0.02,-0.16
Mateusz Klich,D.C. United,Designated Player,M,POL,33,2664,0.07,0.11,0.88,0.47,0.17,0.22,5.2,0.51,62.97,33.61,1.01,56.42,43.51,6.25,1.35,0.61,1.82,0.68,0.88,"-156,250","1,743,750",-0.26,1.29,0.41,-0.2,-0.19,0.21,0.04,-0.14
Brooklyn Raines,Houston Dynamo,Homegrown Player,M,USA,18,527,0.0,0.0,0.17,0.0,0.0,0.03,1.54,0.0,60.63,37.57,1.02,53.97,49.87,5.12,0.68,0.34,1.71,0.17,1.02,"25,000","125,000",-0.97,-0.87,0.41,-0.66,-0.46,-0.51,0.0,-0.19
Samuel Piette,CF Montréal,,D/M,CAN,29,2284,0.04,0.06,0.51,0.16,0.04,0.04,1.58,0.16,67.22,35.5,0.28,59.07,53.39,4.77,0.35,0.24,2.21,0.99,1.14,"137,875","535,250",-0.64,-0.57,0.41,-0.86,0.37,-0.26,0.01,-0.18
David Martínez,Los Angeles FC,U22 Initiative,F,VEN,18,515,0.87,0.4,4.89,2.1,0.35,0.09,3.32,0.52,53.13,36.87,3.67,39.15,30.23,6.29,2.8,1.57,1.22,0.87,0.52,"550,000","700,000",3.17,0.94,0.4,1.11,-0.59,1.01,0.24,0.12
Brooks Lennon,Atlanta United,TAM Player,D,USA,26,3186,0.03,0.03,0.34,0.03,0.23,0.23,3.16,0.28,64.07,31.47,2.68,55.0,43.05,3.87,1.05,0.42,1.5,1.13,0.79,0,"740,000",-0.82,0.79,0.4,-0.46,-0.11,-0.04,0.02,-0.16
César Araujo,Orlando City,TAM Player,D/M,URU,22,2928,0.03,0.05,0.98,0.06,0.03,0.06,1.54,0.12,63.72,35.26,1.01,55.14,48.66,4.98,0.77,0.4,2.12,0.92,1.44,"-166,000","509,000",-0.61,-0.59,0.39,-0.58,0.5,-0.18,0.0,-0.19
Daniel Steres,Houston Dynamo,,D,USA,33,1252,0.14,0.04,0.72,0.29,0.14,0.05,1.37,0.22,68.15,33.79,1.08,59.09,50.54,3.81,0.79,0.58,1.94,0.65,0.79,"-150,000","300,000",-0.42,-0.31,0.38,-0.43,-0.22,-0.2,0.0,-0.19
Matt Miazga,FC Cincinnati,TAM Player,D,USA,28,1413,0.0,0.02,0.64,0.13,0.0,0.01,0.7,0.0,74.78,38.79,0.0,64.71,55.29,2.29,0.06,0.06,1.46,0.76,1.15,"50,000","1,575,000",-0.75,-1.09,0.38,-1.11,-0.11,-0.53,0.02,-0.16
Brendan Hines-Ike,Austin FC,,D,USA,29,2221,0.08,0.03,0.41,0.12,0.04,0.03,0.53,0.04,66.29,39.67,0.53,58.6,52.96,3.28,0.24,0.08,0.97,0.32,1.54,"125,008","325,000",-0.69,-0.93,0.37,-1.03,-0.33,-0.52,0.0,-0.19
Walker Zimmerman,Nashville SC,Designated Player,D,USA,30,2017,0.04,0.06,0.71,0.13,0.04,0.02,1.12,0.13,70.41,39.76,0.18,58.68,52.21,3.35,0.09,0.09,1.12,1.92,1.07,0,"3,200,000",-0.61,-0.75,0.37,-1.08,0.42,-0.33,0.03,-0.15
Julián Aude,LA Galaxy,U22 Initiative,D,ARG,20,1703,0.05,0.04,0.63,0.11,0.11,0.08,1.27,0.16,69.28,35.62,1.43,57.23,47.77,3.01,2.33,1.43,2.59,1.11,1.64,"25,000","350,000",-0.66,-0.37,0.36,0.82,0.97,0.22,0.0,-0.19
Mauricio Pineda,Chicago Fire,Homegrown Player,D,USA,26,1149,0.08,0.01,0.31,0.08,0.0,0.0,0.86,0.16,65.95,39.63,0.39,57.81,51.78,3.68,0.39,0.16,1.25,0.63,1.41,"10,000","355,000",-0.76,-0.9,0.36,-0.91,-0.1,-0.46,0.01,-0.18
Zac McGraw,Portland Timbers,,D,CAN,26,857,0.0,0.01,0.21,0.11,0.0,0.0,0.42,0.0,77.4,36.65,0.11,62.91,53.14,2.42,0.32,0.11,1.26,1.05,2.1,"125,000","275,000",-0.88,-1.17,0.36,-0.98,0.66,-0.4,0.0,-0.19
Emeka Eneli,Real Salt Lake,,D/M,USA,24,2998,0.06,0.07,0.42,0.15,0.03,0.02,1.86,0.21,61.48,32.93,1.71,51.99,46.47,4.83,1.41,0.81,1.77,1.59,1.65,"285,284","375,000",-0.63,-0.54,0.35,-0.01,0.91,0.01,0.0,-0.19
Henry Kessler,New England Revolution,TAM Player,D,USA,25,2063,0.04,0.02,0.39,0.09,0.0,0.01,0.35,0.0,71.81,40.18,0.35,61.34,54.79,1.88,0.26,0.17,1.31,0.87,1.66,"300,000","1,300,000",-0.78,-1.15,0.35,-0.95,0.26,-0.46,0.02,-0.16
Justen Glad,Real Salt Lake,TAM Player,D,USA,26,2580,0.0,0.04,0.56,0.03,0.0,0.0,0.63,0.03,70.12,40.78,0.07,60.84,55.29,2.3,0.24,0.17,0.87,1.64,1.64,0,"1,150,000",-0.79,-1.1,0.34,-0.96,0.53,-0.4,0.0,-0.19
Joseph Rosales,Minnesota United,,M,HON,23,2815,0.03,0.08,1.28,0.54,0.22,0.26,3.68,0.48,65.93,32.48,2.94,53.2,36.93,3.23,3.17,1.92,2.53,1.92,1.09,"441,012","535,000",-0.22,1.19,0.33,1.52,1.06,0.78,0.02,-0.16
Memo Rodriguez,Sporting Kansas City,,M,USA,28,1685,0.11,0.06,1.82,0.43,0.27,0.19,4.86,0.37,61.85,34.02,0.8,52.61,41.61,6.36,1.07,0.53,2.78,1.18,0.96,"14,284","104,000",-0.08,1.18,0.33,-0.36,0.62,0.34,0.01,-0.18
Kai Wagner,Philadelphia Union,TAM Player,D,GER,27,2995,0.03,0.02,0.48,0.09,0.33,0.32,5.08,0.42,68.93,33.93,0.96,61.0,44.11,3.82,0.3,0.12,1.8,1.14,1.23,"55,000","930,000",-0.77,1.77,0.33,-0.98,0.34,0.14,0.06,-0.11
Iván Angulo,Orlando City,,F,COL,24,3156,0.14,0.15,1.11,0.31,0.2,0.14,2.94,0.48,51.99,34.68,3.56,41.86,35.19,5.16,3.22,1.43,1.54,0.63,0.66,"24,996","525,000",-0.14,0.66,0.32,1.15,-0.5,0.3,0.01,-0.18
Reed Baker-Whiting,Seattle Sounders FC,Homegrown Player,M,USA,19,876,0.0,0.01,0.51,0.1,0.0,0.05,2.26,0.0,64.83,32.67,2.26,50.55,40.07,4.21,2.77,1.23,2.77,1.64,1.85,"50,000","150,000",-0.81,-0.68,0.32,0.82,1.53,0.24,0.0,-0.19
Carlos Garcés,LA Galaxy,,D,COL,22,661,0.0,0.01,0.14,0.0,0.14,0.05,0.27,0.0,72.71,41.8,0.27,61.54,55.96,1.09,0.41,0.27,3.68,1.77,1.09,"230,000","430,000",-0.96,-0.77,0.32,-0.82,1.49,-0.15,0.02,-0.16
Kamal Miller,Portland Timbers,TAM Player,D,CAN,26,2094,0.0,0.03,0.3,0.0,0.0,0.0,0.56,0.09,67.05,37.78,0.64,57.85,49.43,3.27,0.9,0.52,1.03,1.16,1.25,"27,504","770,004",-0.89,-1.04,0.31,-0.44,0.02,-0.41,0.06,-0.11
Maxime Chanot,Los Angeles FC,,D,LUX,34,1665,0.0,0.08,0.92,0.11,0.11,0.01,0.54,0.0,72.38,40.7,0.16,60.54,54.76,1.68,0.32,0.27,1.41,1.57,1.89,"180,000","400,000",-0.59,-0.9,0.31,-0.85,0.91,-0.22,0.01,-0.18
Kevin O'Toole,New York City FC,,D,USA,25,2873,0.03,0.04,0.75,0.09,0.13,0.11,2.04,0.19,65.16,29.85,1.94,54.07,44.36,4.1,1.16,0.38,2.07,1.0,1.32,"50,000","225,000",-0.67,-0.07,0.3,-0.45,0.44,-0.09,0.0,-0.19
Tayvon Gray,New York City FC,,D,JAM,21,1769,0.05,0.02,0.56,0.25,0.36,0.29,2.14,0.36,65.73,31.8,1.73,55.15,42.28,4.07,0.76,0.46,2.09,1.63,1.27,"-246,008","103,992",-0.63,1.13,0.3,-0.54,0.81,0.22,0.01,-0.18
Keegan Rosenberry,Colorado Rapids,,D,USA,30,2886,0.0,0.02,0.5,0.09,0.06,0.08,1.28,0.12,66.14,31.56,1.19,56.88,42.32,4.74,0.5,0.19,1.25,1.43,1.22,0,"400,000",-0.8,-0.52,0.3,-0.85,0.27,-0.32,0.0,-0.19
Žan Kolmanič,Austin FC,U22 Initiative,D,SVN,23,537,0.0,0.02,0.5,0.0,0.5,0.18,3.52,0.5,66.2,30.0,1.84,57.99,43.74,3.52,1.34,0.84,1.68,0.34,0.17,0,"350,000",-0.85,1.51,0.29,-0.02,-0.97,-0.01,0.0,-0.19
Sergi Palencia,Los Angeles FC,,D,ESP,27,2634,0.0,0.03,0.24,0.07,0.07,0.08,1.91,0.24,65.71,31.54,1.13,56.45,45.17,4.48,1.57,0.72,3.31,1.13,1.06,"199,992","549,996",-0.86,-0.24,0.29,-0.03,0.89,0.01,0.01,-0.18
Nick Hagglund,FC Cincinnati,,D,USA,31,462,0.0,0.02,0.19,0.19,0.0,0.0,0.19,0.0,67.01,33.12,0.58,57.08,46.56,4.48,0.0,0.0,0.97,1.75,0.78,"160,284","250,000",-0.82,-1.21,0.28,-1.18,0.04,-0.58,0.0,-0.19
Pavel Bucha,FC Cincinnati,TAM Player,M,CZE,25,3288,0.11,0.08,1.26,0.3,0.05,0.05,2.03,0.25,59.37,34.79,1.23,49.71,44.15,5.15,1.78,0.88,1.83,1.23,1.51,"24,996","474,996",-0.26,-0.34,0.27,0.18,0.61,0.09,0.01,-0.18
Daniel Edelman,New York Red Bulls,,D/M,USA,20,2824,0.0,0.01,0.32,0.03,0.0,0.06,2.23,0.1,60.33,31.71,0.7,51.6,42.93,6.53,0.7,0.41,1.43,1.24,1.75,"80,000","465,000",-0.9,-0.54,0.27,-0.6,0.61,-0.23,0.03,-0.15
Philip Quinton,Columbus Crew,,D,USA,24,1407,0.06,0.01,0.45,0.13,0.0,0.01,0.64,0.13,67.04,35.31,0.64,56.35,48.87,3.52,0.32,0.19,1.41,0.58,2.24,"35,284","125,000",-0.73,-0.95,0.27,-0.91,0.53,-0.36,0.0,-0.19
Cristian Espinoza,San Jose Earthquakes,Designated Player,F,ARG,28,3059,0.12,0.13,1.97,0.74,0.41,0.36,5.38,0.56,56.99,32.07,3.77,46.1,30.83,4.03,3.0,1.62,1.27,0.56,1.12,0,"1,820,000",0.26,2.27,0.26,1.22,-0.34,0.73,0.04,-0.14
Daniel Pereira,Austin FC,,M,VEN,23,2114,0.04,0.01,0.51,0.13,0.17,0.14,2.89,0.3,58.75,33.93,1.28,49.34,43.3,5.36,2.81,1.58,1.15,1.15,1.23,"350,000","475,000",-0.74,0.38,0.26,1.12,0.06,0.22,0.3,0.19
Ben Cremaschi,Inter Miami,U22 Initiative,M,USA,19,1357,0.27,0.25,1.19,0.46,0.07,0.07,1.72,0.33,59.49,36.41,1.53,48.22,42.38,4.58,2.79,1.06,1.46,1.06,1.39,"300,284","400,000",0.3,-0.2,0.26,0.69,0.25,0.26,0.0,-0.19
Agustin Ojeda,New York City FC,U22 Initiative,F,ARG,19,979,0.28,0.37,2.21,1.01,0.0,0.14,3.13,0.09,51.94,34.75,4.6,40.82,33.74,2.85,3.68,1.47,1.38,0.46,0.74,"30,000","510,000",1.06,-0.16,0.25,1.35,-0.62,0.38,0.0,-0.19
Brian Gutiérrez,Chicago Fire,U22 Initiative,M/F,USA,20,2419,0.22,0.18,2.2,0.67,0.11,0.18,3.57,0.26,53.99,33.0,2.72,42.67,33.26,5.88,3.31,1.56,1.64,0.63,0.63,"54,546","857,955",0.49,0.46,0.25,1.29,-0.48,0.4,0.02,-0.16
Erik Duenas,Los Angeles FC,Homegrown Player,M,USA,19,445,0.0,0.02,0.2,0.0,0.0,0.08,3.44,0.2,51.57,32.36,2.63,40.25,35.8,6.47,3.24,1.21,2.83,2.02,0.2,"-35,500","150,000",-0.93,-0.15,0.25,0.98,0.63,0.16,0.0,-0.19
Martín Ojeda,Orlando City,Designated Player,F,ARG,25,2263,0.2,0.21,2.55,0.95,0.4,0.35,4.53,0.56,59.1,32.33,2.74,49.71,36.59,4.06,1.87,0.52,0.76,0.32,0.8,"60,000","960,000",0.75,2.06,0.25,-0.08,-0.95,0.41,0.0,-0.19
Raoul Petretta,Toronto FC,TAM Player,D,ITA,26,1992,0.05,0.04,0.54,0.09,0.14,0.04,1.27,0.14,63.25,34.74,1.22,54.49,48.07,3.39,0.72,0.36,1.58,1.45,1.36,"100,000","775,000",-0.69,-0.45,0.25,-0.63,0.53,-0.2,0.0,-0.19
Strahinja Tanasijević,New York City FC,,D,SRB,26,1061,0.0,0.01,0.25,0.08,0.0,0.03,0.51,0.0,66.33,38.51,0.42,56.75,49.88,2.97,0.34,0.17,1.02,1.02,1.36,"30,000","270,000",-0.89,-1.07,0.25,-0.92,0.01,-0.52,0.0,-0.19
Lukas MacNaughton,Nashville SC,,D,CAN,28,411,0.0,0.11,0.88,0.44,0.0,0.02,1.09,0.0,71.17,32.19,0.22,60.88,51.46,3.28,0.0,0.0,1.31,0.88,1.09,"20,000","120,000",-0.37,-0.99,0.25,-1.18,-0.14,-0.49,0.0,-0.19
Eryk Williamson,Portland Timbers,Homegrown Player,M,USA,26,1137,0.16,0.1,0.63,0.4,0.16,0.06,2.3,0.16,56.04,31.42,1.74,46.23,38.23,6.41,1.98,0.95,1.58,1.27,0.71,"100,000","775,000",-0.26,-0.14,0.24,0.31,-0.04,0.02,0.0,-0.19
Shaq Moore,Nashville SC,TAM Player,D,USA,27,1761,0.05,0.05,0.82,0.26,0.1,0.13,2.1,0.26,62.71,33.07,2.04,52.44,42.57,3.32,1.94,0.61,1.48,0.87,1.02,"-100,000","700,000",-0.51,0.02,0.24,0.02,-0.12,-0.07,0.01,-0.18
Ian Harkes,New England Revolution,,M,USA,28,1615,0.06,0.06,1.28,0.39,0.0,0.03,2.06,0.22,58.74,31.65,1.28,50.27,42.85,5.57,0.72,0.45,1.62,0.84,1.06,"175,000","450,000",-0.3,-0.52,0.24,-0.56,-0.05,-0.24,0.0,-0.19
Taylor Washington,Nashville SC,,D,USA,30,755,0.0,0.01,0.12,0.0,0.24,0.11,2.03,0.12,61.27,29.68,1.43,53.64,42.68,5.01,0.36,0.24,2.15,0.95,0.95,"14,284","104,000",-0.96,0.07,0.24,-0.86,0.18,-0.27,0.75,0.76
Timmy Tillman,Los Angeles FC,TAM Player,M,GER,25,2717,0.13,0.13,1.32,0.33,0.1,0.11,3.41,0.36,55.95,34.52,1.92,44.39,37.3,5.73,2.91,1.32,2.52,1.19,1.13,"190,000","790,000",-0.12,0.32,0.23,0.95,0.63,0.4,0.0,-0.19
Djordje Mihailovic,Colorado Rapids,Designated Player,M/F,USA,25,2653,0.37,0.39,1.7,0.75,0.34,0.31,6.04,0.75,54.38,30.5,1.8,45.97,35.21,7.06,1.93,0.98,0.68,0.64,0.75,"100,000","1,450,000",0.94,2.32,0.23,0.31,-0.82,0.6,0.03,-0.15
Tomáš Ostrák,St. Louis City,,M/F,CZE,24,689,0.13,0.16,2.22,0.65,0.0,0.04,2.48,0.39,56.04,31.74,1.18,43.5,37.23,7.58,2.35,0.65,1.7,1.31,1.44,0,"700,000",0.33,-0.22,0.23,0.2,0.55,0.22,0.0,-0.19
Fabian Herbers,Chicago Fire,,F,GER,30,2127,0.13,0.09,0.97,0.3,0.17,0.14,2.54,0.3,57.21,32.24,2.28,46.88,38.63,4.95,1.52,0.8,2.67,1.23,1.23,0,"400,000",-0.28,0.32,0.23,0.02,0.79,0.22,0.01,-0.18
Nathan Byrne,Charlotte FC,TAM Player,D,ENG,31,3210,0.0,0.01,0.14,0.03,0.06,0.06,1.57,0.11,57.31,30.2,2.33,49.93,39.36,4.77,0.7,0.36,0.93,0.81,0.76,"-85,000","475,000",-0.94,-0.53,0.23,-0.64,-0.59,-0.49,0.01,-0.18
Daniel Lovitz,Nashville SC,,D,USA,32,2359,0.0,0.0,0.11,0.0,0.0,0.06,2.06,0.11,63.37,30.37,1.14,56.35,43.19,4.62,0.61,0.23,1.41,0.99,0.84,"-31,244","525,000",-0.98,-0.56,0.23,-0.78,-0.2,-0.46,0.0,-0.19
Julián Fernández,New York City FC,U22 Initiative,F,ARG,20,690,0.26,0.25,2.87,1.3,0.26,0.16,3.78,0.39,60.0,35.09,2.87,45.0,32.74,3.91,4.43,1.96,1.57,0.78,1.96,"96,000","660,000",1.17,0.89,0.22,2.02,0.53,0.97,0.07,-0.1
Tom Pearce,CF Montréal,,D,ENG,26,391,0.46,0.0,0.69,0.69,0.23,0.12,1.84,0.23,60.54,36.37,1.61,52.48,36.6,4.14,0.0,0.0,0.92,0.92,0.0,0,"450,000",0.17,0.17,0.22,-1.18,-1.06,-0.34,0.06,-0.11
Chris Mueller,Chicago Fire,TAM Player,F,USA,27,1374,0.0,0.12,1.57,0.52,0.13,0.2,3.08,0.33,51.29,33.28,4.32,40.41,30.92,3.6,3.34,1.38,1.18,0.92,0.85,"49,992","699,996",-0.14,0.55,0.2,1.15,-0.34,0.28,0.11,-0.05
Jackson Travis,Colorado Rapids,Homegrown Player,D,USA,20,555,0.0,0.0,0.0,0.0,0.0,0.0,0.97,0.0,61.62,30.65,2.27,50.27,39.08,3.73,0.97,0.49,1.78,0.97,2.59,"14,284","104,000",-1.01,-1.07,0.19,-0.43,1.19,-0.23,0.67,0.66
Patrick Yazbek,Nashville SC,U22 Initiative,M,AUS,22,403,0.0,0.02,0.67,0.0,0.0,0.13,1.79,0.0,60.74,29.93,0.89,50.47,44.0,5.58,0.67,0.22,2.9,1.34,1.56,"40,000","415,000",-0.81,-0.54,0.19,-0.76,1.2,-0.14,0.01,-0.18
Robert Voloder,Sporting Kansas City,U22 Initiative,D,BIH,22,1761,0.0,0.0,0.1,0.0,0.05,0.03,0.2,0.05,62.5,37.92,0.56,53.2,45.33,3.68,0.31,0.26,1.64,1.38,1.58,"100,000","550,000",-0.98,-0.96,0.19,-0.86,0.67,-0.39,0.0,-0.19
David Romney,New England Revolution,,D,USA,30,2308,0.0,0.02,0.31,0.16,0.0,0.0,0.39,0.04,70.39,34.35,0.16,59.27,51.24,2.38,0.08,0.08,1.05,0.7,1.83,"183,500","858,500",-0.81,-1.13,0.18,-1.09,0.16,-0.54,0.01,-0.18
Diego Luna,Real Salt Lake,U22 Initiative,M,USA,20,2430,0.3,0.24,2.26,0.93,0.3,0.22,4.3,0.41,56.41,33.59,2.3,44.74,36.0,4.63,3.33,1.52,1.37,0.52,1.07,"50,000","450,000",0.85,1.27,0.17,1.26,-0.35,0.64,1.53,1.76
Oliver Larraz,Colorado Rapids,Homegrown Player,M,USA,22,2386,0.08,0.06,0.72,0.26,0.0,0.07,2.04,0.0,59.07,34.4,1.36,47.19,39.61,4.87,2.07,0.91,2.68,1.32,1.4,"25,000","125,000",-0.48,-0.67,0.17,0.31,0.97,0.06,0.0,-0.19
Diego Chará,Portland Timbers,TAM Player,M,COL,37,2559,0.0,0.0,0.04,0.0,0.0,0.03,1.97,0.14,59.75,31.09,0.39,52.3,47.62,5.28,0.63,0.32,2.25,1.34,1.02,"225,000","725,000",-1.0,-0.63,0.17,-0.7,0.52,-0.33,0.0,-0.19
Robin Lod,Minnesota United,TAM Player,M,FIN,30,2706,0.23,0.19,1.5,0.5,0.43,0.24,3.53,0.63,50.65,30.0,2.1,41.51,32.96,7.15,2.63,1.36,1.56,0.57,0.57,"50,000","1,550,000",0.25,1.7,0.16,0.88,-0.59,0.48,0.01,-0.18
Mitja Ilenič,New York City FC,,D,SVN,19,1803,0.05,0.07,1.15,0.2,0.05,0.16,2.0,0.05,62.6,28.85,1.95,52.41,38.14,3.99,1.15,0.3,1.2,0.95,0.9,"60,000","300,000",-0.44,-0.25,0.16,-0.52,-0.28,-0.27,0.0,-0.19
Yeimar Gómez Andrade,Seattle Sounders FC,TAM Player,D,COL,31,2800,0.03,0.04,0.74,0.16,0.0,0.01,0.84,0.06,66.34,35.23,0.35,54.26,46.67,3.38,0.42,0.26,1.77,1.96,1.35,"50,000","800,000",-0.63,-0.99,0.16,-0.82,0.93,-0.27,0.0,-0.19
Mathías Laborda,Vancouver Whitecaps FC,TAM Player,D,URU,24,2260,0.08,0.12,1.0,0.16,0.04,0.05,0.84,0.12,67.1,36.04,0.56,56.75,47.91,2.35,0.24,0.08,1.79,1.47,1.23,"100,000","900,000",-0.38,-0.73,0.16,-1.03,0.55,-0.28,0.0,-0.19
Kellyn Acosta,Chicago Fire,TAM Player,D/M,USA,28,2347,0.12,0.04,0.88,0.27,0.08,0.12,2.61,0.15,59.94,33.59,0.84,51.84,41.57,4.72,1.23,0.61,1.8,1.15,0.81,"69,608","1,461,796",-0.42,-0.08,0.15,-0.24,0.05,-0.11,0.03,-0.15
Javain Brown,Vancouver Whitecaps FC,,D,JAM,24,1541,0.0,0.02,0.58,0.23,0.06,0.05,1.23,0.06,66.35,33.06,0.76,56.77,44.85,2.98,0.53,0.23,1.4,0.82,1.17,"95,000","300,000",-0.7,-0.68,0.15,-0.8,-0.08,-0.43,0.0,-0.19
Hany Mukhtar,Nashville SC,Designated Player,M/F,GER,28,2820,0.26,0.36,3.16,0.89,0.32,0.29,5.07,0.67,54.93,30.57,2.65,43.82,32.71,5.07,2.49,1.09,1.02,0.26,0.67,"100,000","3,900,000",1.19,1.95,0.14,0.61,-0.96,0.59,0.05,-0.13
Ajani Fortune,Atlanta United,Homegrown Player,M,TRI,21,1664,0.05,0.08,1.14,0.27,0.11,0.04,2.33,0.27,54.25,32.94,1.57,45.43,38.94,5.35,1.35,0.92,1.78,1.3,0.81,"37,599","109,000",-0.38,-0.17,0.14,0.05,0.14,-0.04,0.0,-0.19
Mikkel Desler,Austin FC,,D,DEN,29,548,0.0,0.08,1.15,0.16,0.0,0.0,1.81,0.16,58.14,30.55,1.81,48.78,40.4,4.27,1.15,0.49,2.3,1.31,1.64,"50,000","550,000",-0.51,-0.73,0.13,-0.37,0.97,-0.1,0.01,-0.18
Kosi Thompson,Toronto FC,Homegrown Player,M,CAN,21,1128,0.0,0.03,0.56,0.0,0.0,0.04,1.36,0.24,60.96,34.23,1.2,49.31,42.37,3.83,1.12,0.4,2.39,0.64,2.15,"25,000","120,000",-0.82,-0.6,0.13,-0.45,0.95,-0.16,0.0,-0.19
Adilson Malanda,Charlotte FC,,D,FRA,22,3300,0.03,0.05,0.22,0.08,0.0,0.01,0.63,0.08,64.23,36.79,0.22,55.17,47.29,3.03,0.3,0.19,1.06,1.06,1.31,"575,000","900,000",-0.79,-1.01,0.13,-0.92,0.02,-0.51,0.01,-0.18
Ian Fray,Inter Miami,Homegrown Player,D,USA,21,759,0.24,0.05,0.71,0.47,0.0,0.05,1.42,0.24,59.64,37.0,2.37,46.96,39.25,2.02,2.73,1.54,2.13,2.37,1.54,"25,000","150,000",-0.17,-0.56,0.12,1.06,1.49,0.39,0.02,-0.16
Alfredo Morales,San Jose Earthquakes,,M,USA,33,670,0.0,0.05,0.81,0.13,0.0,0.05,2.15,0.0,60.99,33.31,0.67,50.91,41.91,4.57,1.34,0.94,2.15,0.54,0.54,"-111,429","188,571",-0.66,-0.7,0.12,0.06,-0.37,-0.31,0.09,-0.08
Franco Negri,Inter Miami,,D,ARG,29,880,0.0,0.0,0.31,0.0,0.1,0.11,2.15,0.41,64.02,30.48,1.43,53.08,42.65,3.17,1.02,0.61,2.56,1.53,1.33,"20,000","270,000",-0.93,0.15,0.12,-0.32,1.0,0.0,0.01,-0.18
Sam Junqua,FC Dallas,,D,USA,27,2285,0.04,0.03,0.55,0.2,0.08,0.05,0.91,0.16,64.28,35.29,0.79,56.48,46.83,2.17,0.39,0.32,1.46,1.22,1.22,"100,000","300,000",-0.66,-0.59,0.12,-0.78,0.23,-0.34,0.0,-0.19
Marcelo Weigandt,Inter Miami,,D,ARG,24,2358,0.0,0.08,0.76,0.19,0.11,0.08,1.91,0.38,61.49,30.76,1.83,50.95,43.24,2.86,1.03,0.46,2.48,0.76,1.41,"350,000","500,000",-0.59,0.0,0.11,-0.44,0.54,-0.08,0.07,-0.1
Alexandros Katranis,Real Salt Lake,,D,GRE,25,2234,0.12,0.02,0.89,0.36,0.12,0.06,2.26,0.36,61.64,30.98,1.41,52.01,39.36,3.87,1.01,0.36,1.97,1.05,1.29,"25,000","425,000",-0.39,0.0,0.11,-0.52,0.41,-0.08,0.0,-0.19
Aaron Long,Los Angeles FC,TAM Player,D,USA,31,2734,0.03,0.02,0.3,0.07,0.0,0.0,0.33,0.07,64.39,36.61,0.33,54.58,49.05,2.5,0.16,0.16,1.15,1.35,1.71,"-814,760","445,000",-0.82,-1.11,0.11,-1.0,0.52,-0.46,0.69,0.69
Tsiki Ntsabeleng,FC Dallas,,M/F,RSA,26,1085,0.08,0.07,0.58,0.17,0.08,0.1,2.57,0.25,52.34,34.42,1.74,43.63,36.25,5.14,2.32,1.24,1.91,0.75,0.75,"110,284","200,000",-0.55,-0.03,0.1,0.67,-0.19,0.0,0.0,-0.19
Pedro Amador,Atlanta United,,D,POR,25,1307,0.0,0.03,0.83,0.07,0.62,0.24,2.48,0.62,59.98,28.3,2.0,48.82,37.8,4.13,0.96,0.21,1.93,1.38,1.58,"24,996","231,996",-0.72,1.88,0.1,-0.66,0.8,0.28,0.04,-0.14
Aleksei Miranchuk,Atlanta United,Designated Player,M/F,RUS,28,1272,0.28,0.23,1.63,0.5,0.28,0.23,4.32,0.5,48.82,29.65,2.33,40.75,31.13,6.65,1.91,0.85,0.64,0.5,0.5,"1,200,000","3,600,000",0.41,1.36,0.09,0.2,-1.1,0.19,0.04,-0.14
Joaquín Pereyra,Minnesota United,Designated Player,M,ARG,25,633,0.0,0.07,1.14,0.28,0.14,0.23,3.7,0.14,54.45,29.72,2.27,43.08,31.14,5.69,1.99,0.43,2.56,0.57,1.28,"45,000","655,000",-0.46,0.55,0.09,-0.11,0.36,0.09,0.01,-0.18
Diego Fagúndez,LA Galaxy,TAM Player,F,URU,29,1711,0.21,0.15,1.42,0.74,0.11,0.17,3.79,0.42,53.65,31.03,2.05,46.92,38.5,4.42,1.58,0.58,0.95,0.26,0.74,0,"1,250,000",0.28,0.65,0.09,-0.14,-0.94,-0.01,0.01,-0.18
Albert Rusnák,Seattle Sounders FC,Designated Player,M/F,SVK,29,2731,0.33,0.24,1.75,0.66,0.4,0.26,4.58,0.66,53.32,28.54,1.48,47.65,39.28,5.73,0.82,0.36,0.53,0.63,0.4,"425,000","2,575,000",0.61,1.93,0.09,-0.59,-1.14,0.18,0.0,-0.19
Julio Cascante,Austin FC,TAM Player,D,CRC,30,1957,0.09,0.08,0.46,0.23,0.0,0.0,0.69,0.0,62.04,37.07,0.23,53.25,46.63,3.04,0.51,0.46,1.47,1.06,1.15,"80,000","780,000",-0.52,-1.12,0.09,-0.63,0.09,-0.42,0.01,-0.18
Erik Sviatchenko,Houston Dynamo,Designated Player,D,DEN,32,2763,0.03,0.06,1.43,0.65,0.1,0.03,1.01,0.16,62.35,35.18,0.46,53.39,44.23,3.36,0.39,0.26,0.88,0.94,0.88,"-24,996","750,000",-0.15,-0.59,0.09,-0.83,-0.44,-0.39,0.0,-0.19
Paul Marie,San Jose Earthquakes,,D,FRA,28,1558,0.23,0.13,0.64,0.4,0.06,0.13,1.85,0.06,59.44,27.96,2.37,46.1,35.93,4.04,1.96,0.87,2.95,1.39,1.73,"25,000","325,000",-0.11,-0.34,0.08,0.24,1.37,0.25,1.06,1.16
Obinna Nwobodo,FC Cincinnati,Designated Player,D/M,NGA,27,2815,0.0,0.01,0.45,0.13,0.03,0.03,1.41,0.22,60.2,32.0,0.96,50.0,42.43,4.03,1.15,0.8,2.49,1.95,1.18,"-327,650","982,350",-0.81,-0.58,0.08,-0.12,1.13,-0.06,0.0,-0.19
Sebastian Berhalter,Vancouver Whitecaps FC,,M,USA,22,2119,0.08,0.08,1.4,0.3,0.13,0.25,4.16,0.34,60.23,29.39,1.1,48.93,36.99,5.27,0.76,0.3,2.29,0.98,1.66,"55,000","385,000",-0.26,0.9,0.08,-0.66,0.77,0.17,0.01,-0.18
Tim Ream,Charlotte FC,TAM Player,D,USA,36,1215,0.07,0.04,0.37,0.15,0.0,0.0,0.59,0.0,58.74,30.67,0.81,50.22,43.56,4.59,0.15,0.15,0.37,1.26,1.41,"500,000","1,000,000",-0.68,-1.14,0.08,-1.01,-0.1,-0.57,0.16,0.01
Birk Risa,New York City FC,,D,NOR,26,2245,0.0,0.01,0.24,0.08,0.0,0.01,0.4,0.0,61.78,35.4,0.2,53.96,45.82,3.37,0.12,0.04,0.72,0.84,1.08,"120,000","780,000",-0.89,-1.14,0.08,-1.11,-0.44,-0.7,0.0,-0.19
Ryan Sailor,Inter Miami,,D,USA,25,327,0.0,0.06,0.55,0.0,0.0,0.0,0.0,0.0,66.61,30.55,0.0,55.6,48.17,3.58,0.0,0.0,1.38,1.1,1.65,"14,284","104,000",-0.78,-1.25,0.08,-1.18,0.43,-0.54,0.01,-0.18
Guilherme Biro,Austin FC,,D,BRA,23,2376,0.11,0.08,0.8,0.15,0.0,0.07,1.4,0.11,60.83,30.83,1.55,51.21,40.8,3.22,1.52,0.91,2.01,1.02,1.29,"75,000","275,000",-0.45,-0.66,0.07,0.11,0.4,-0.11,0.07,-0.1
Marcel Hartel,St. Louis City,Designated Player,M,GER,28,810,0.33,0.21,1.56,0.44,0.56,0.2,4.22,1.22,55.0,31.0,1.67,45.67,37.0,5.0,1.78,0.78,1.22,0.67,0.67,0,"1,797,600",0.4,2.66,0.07,0.1,-0.61,0.52,0.11,-0.05
Brad Smith,Houston Dynamo,,D,AUS,29,401,0.45,0.09,1.8,0.67,0.45,0.22,2.24,0.45,58.35,33.89,2.24,47.58,36.81,2.69,1.8,0.22,1.57,0.22,0.9,"-320,999","104,000",0.56,1.23,0.07,-0.34,-0.57,0.19,0.86,0.9
Omar Gonzalez,FC Dallas,,D,USA,35,837,0.0,0.02,0.43,0.11,0.0,0.0,0.22,0.0,63.55,38.92,0.0,55.7,51.51,1.61,0.0,0.0,0.43,0.43,1.4,"14,284","104,000",-0.81,-1.21,0.07,-1.18,-0.6,-0.75,0.14,-0.01
Jonathan Osorio,Toronto FC,TAM Player,M,CAN,31,1898,0.09,0.1,0.81,0.33,0.05,0.09,3.41,0.28,53.49,30.11,1.75,44.29,38.65,5.03,1.9,0.95,1.0,0.47,0.95,"211,964","1,000,000",-0.34,0.07,0.06,0.28,-0.64,-0.11,0.04,-0.14
Ilie Sánchez,Los Angeles FC,TAM Player,D/M,ESP,33,2207,0.04,0.01,0.41,0.12,0.04,0.07,1.55,0.2,59.95,28.59,0.49,50.73,43.67,5.06,0.41,0.33,1.79,2.04,1.3,"-667,875","600,000",-0.77,-0.45,0.06,-0.77,0.96,-0.19,0.0,-0.19
Ryan Gauld,Vancouver Whitecaps FC,Designated Player,M/F,SCO,28,2873,0.47,0.29,2.0,0.88,0.38,0.36,5.11,0.72,53.29,28.98,1.6,44.01,32.74,6.2,1.35,0.69,2.35,0.44,1.03,"620,000","3,500,000",1.07,2.34,0.04,-0.13,0.01,0.67,0.09,-0.08
Griffin Dorsey,Houston Dynamo,,D,USA,24,2983,0.09,0.05,1.18,0.3,0.09,0.17,2.35,0.18,54.55,30.53,3.65,45.26,35.03,1.75,1.51,0.39,1.24,0.63,0.54,"65,000","540,000",-0.35,0.07,0.04,-0.31,-0.72,-0.26,0.0,-0.19
Alvas Powell,FC Cincinnati,,D,JAM,29,887,0.0,0.07,0.91,0.41,0.0,0.05,1.93,0.0,56.82,31.25,2.54,43.73,32.47,3.65,3.75,1.83,2.74,1.01,0.61,"25,000","275,000",-0.44,-0.74,0.03,1.67,0.24,0.15,0.0,-0.19
Hassani Dotson,Minnesota United,,M,USA,26,2633,0.17,0.09,1.23,0.48,0.07,0.11,2.87,0.41,56.84,28.82,1.06,45.6,36.16,5.81,1.57,0.75,1.85,1.26,1.3,"125,000","625,000",-0.07,0.22,0.03,0.0,0.49,0.13,0.0,-0.19
Jesús Ferreira,FC Dallas,Designated Player,F,USA,23,1399,0.39,0.37,1.93,0.71,0.19,0.15,4.25,0.39,53.59,30.17,1.22,46.58,35.25,5.73,0.71,0.32,1.22,0.32,0.51,"-414,773","1,585,227",0.97,0.81,0.03,-0.67,-0.95,0.04,0.01,-0.18
Nicksoen Gomis,Toronto FC,,D,FRA,21,2041,0.0,0.0,0.0,0.0,0.0,0.01,0.71,0.0,59.0,37.22,0.57,51.33,45.24,2.6,0.62,0.35,1.63,0.88,0.97,"9,221","80,622",-1.01,-1.09,0.03,-0.68,-0.08,-0.56,0.0,-0.19
Felipe Carballo,New York Red Bulls,Designated Player,M,URU,27,662,0.27,0.12,1.22,0.54,0.0,0.07,1.77,0.14,55.33,28.55,0.68,43.5,35.76,6.93,1.77,0.54,3.13,1.5,1.9,"30,000","1,050,000",0.15,-0.55,0.02,-0.1,1.64,0.23,0.04,-0.14
Dylan Nealis,New York Red Bulls,,D,USA,25,2628,0.0,0.08,1.23,0.14,0.14,0.09,2.81,0.41,62.33,26.85,1.13,50.72,37.74,4.42,1.1,0.68,2.53,0.86,1.68,"137,500","385,000",-0.5,0.29,0.02,-0.23,0.81,0.08,0.0,-0.19
Rodrigo Schlegel,Orlando City,,D,ARG,26,2774,0.03,0.03,0.55,0.16,0.0,0.01,0.52,0.03,59.79,31.86,0.45,51.29,45.88,3.47,0.13,0.06,1.46,1.01,1.1,"150,000","500,000",-0.7,-1.09,0.01,-1.09,0.02,-0.57,0.0,-0.19
Johnny Russell,Sporting Kansas City,TAM Player,F,SCO,33,1789,0.2,0.22,2.41,0.75,0.15,0.18,3.77,0.35,52.52,30.74,3.17,39.84,28.73,3.87,3.77,1.46,1.96,0.5,1.41,"-700,000","300,000",0.62,0.68,0.0,1.38,0.14,0.56,0.17,0.03
Aziel Jackson,St. Louis City,,M/F,USA,22,1213,0.15,0.22,2.82,1.19,0.15,0.13,3.71,0.45,51.94,33.69,2.08,35.84,28.71,5.49,4.23,1.85,1.78,0.52,0.89,"5,739","104,000",0.9,0.64,-0.01,1.86,-0.3,0.62,0.0,-0.19
Dagur Dan Þórhallsson,Orlando City,,D,ISL,23,2802,0.06,0.06,0.77,0.13,0.16,0.12,1.93,0.22,52.81,27.66,2.83,44.29,37.03,3.21,2.02,1.12,1.64,0.77,0.55,"64,996","364,996",-0.57,0.04,-0.01,0.46,-0.44,-0.11,0.0,-0.19
Kyle Duncan,New York Red Bulls,TAM Player,D,USA,26,1284,0.07,0.04,0.77,0.28,0.07,0.08,1.54,0.07,60.7,30.63,2.03,48.43,35.82,2.52,1.54,0.7,2.1,1.33,1.4,0,"500,000",-0.5,-0.51,-0.01,-0.06,0.72,-0.07,0.06,-0.11
Ariel Lassiter,CF Montréal,,F,CRC,29,2105,0.13,0.12,1.41,0.51,0.26,0.09,2.01,0.34,50.28,30.44,3.51,42.5,34.2,2.52,1.71,0.6,0.56,0.26,0.43,"85,000","315,000",-0.01,0.3,-0.01,-0.07,-1.34,-0.22,0.03,-0.15
Andrew Privett,Charlotte FC,,D,USA,23,3011,0.0,0.02,0.36,0.06,0.0,0.03,0.51,0.06,60.5,36.47,0.54,51.59,43.76,2.33,0.21,0.09,1.11,0.48,1.55,"148,599","220,000",-0.85,-1.0,-0.01,-1.03,-0.16,-0.61,0.0,-0.19
Robin Jansson,Orlando City,,D,SWE,32,3170,0.03,0.02,0.2,0.09,0.0,0.03,0.45,0.06,62.12,35.38,0.23,55.36,48.32,1.76,0.14,0.11,0.65,1.14,1.08,"50,000","900,000",-0.84,-1.01,-0.01,-1.04,-0.28,-0.64,0.0,-0.19
Jayden Reid,St. Louis City,,D,USA,22,732,0.0,0.0,0.37,0.12,0.25,0.12,2.95,0.61,55.82,25.33,2.46,44.14,34.43,4.06,1.97,1.48,1.97,1.48,1.84,"32,599","104,000",-0.85,0.86,-0.03,0.73,1.07,0.35,0.02,-0.16
Patrickson Delgado,FC Dallas,,D/M,ECU,20,1158,0.31,0.12,1.32,0.54,0.16,0.06,2.88,0.23,59.3,33.26,1.09,47.41,38.32,3.26,1.55,0.85,1.87,1.71,1.32,"84,000","234,000",0.23,0.05,-0.03,0.07,0.8,0.22,0.0,-0.19
Wil Trapp,Minnesota United,,D/M,USA,31,2641,0.03,0.06,0.75,0.1,0.03,0.04,2.08,0.17,53.33,28.93,0.58,44.88,37.72,6.24,0.99,0.55,2.01,0.95,0.99,"100,000","500,000",-0.63,-0.49,-0.03,-0.38,0.15,-0.28,0.0,-0.19
Peyton Miller,New England Revolution,Homegrown Player,D,USA,17,773,0.0,0.02,0.35,0.12,0.35,0.09,2.1,0.23,58.45,28.53,1.86,46.57,36.09,3.38,1.86,0.82,1.63,1.63,1.98,"32,599","104,000",-0.82,0.38,-0.04,0.16,1.11,0.16,0.05,-0.13
Jack Maher,Nashville SC,TAM Player,D,USA,24,2518,0.04,0.05,0.25,0.07,0.0,0.0,0.32,0.04,64.34,33.63,0.14,55.58,49.4,1.47,0.0,0.0,1.11,1.0,1.43,"100,000","800,000",-0.77,-1.14,-0.04,-1.18,0.09,-0.61,0.02,-0.16
Quinn Sullivan,Philadelphia Union,Homegrown Player,F,USA,19,2415,0.19,0.14,2.87,0.86,0.34,0.27,3.47,0.6,45.95,28.02,4.29,34.17,24.41,4.21,2.68,1.04,1.27,0.34,1.19,"300,000","450,000",0.66,1.56,-0.05,0.64,-0.43,0.48,0.17,0.03
Dario Župarić,Portland Timbers,TAM Player,D,BIH,31,2357,0.0,0.02,0.19,0.04,0.0,0.0,0.8,0.04,63.19,33.79,0.11,51.89,45.48,2.48,0.19,0.15,2.02,1.57,1.6,0,"735,000",-0.91,-1.05,-0.05,-0.99,0.98,-0.41,0.0,-0.19
Ronald Hernández,Atlanta United,,D,VEN,26,1052,0.0,0.03,0.86,0.17,0.09,0.06,1.03,0.26,58.94,29.77,0.68,49.79,41.24,3.68,0.34,0.34,1.37,1.54,0.86,"-175,000","275,000",-0.65,-0.4,-0.06,-0.79,0.14,-0.35,0.01,-0.18
Diego Rossi,Columbus Crew,Designated Player,M/F,URU,25,2792,0.39,0.4,2.35,0.97,0.23,0.18,3.64,0.48,49.13,30.95,2.51,39.04,31.04,4.35,3.03,1.32,0.35,0.29,0.68,"50,000","2,725,000",1.27,0.97,-0.07,0.99,-1.23,0.39,0.23,0.1
Julian Gressel,Inter Miami,TAM Player,M,USA,30,2400,0.04,0.1,1.12,0.34,0.34,0.22,2.96,0.45,52.69,30.64,1.65,46.12,36.07,3.79,0.79,0.3,1.01,0.45,0.64,"54,603","1,146,672",-0.33,1.15,-0.07,-0.65,-0.87,-0.15,0.16,0.01
Alejandro Bran,Minnesota United,,D/M,CRC,22,430,0.21,0.15,1.67,0.42,0.0,0.0,1.26,0.0,54.63,34.53,0.63,44.37,36.21,4.6,0.42,0.21,1.47,1.05,1.47,"100,000","225,000",0.16,-1.01,-0.07,-0.86,0.31,-0.3,0.01,-0.18
Luis Abram,Atlanta United,TAM Player,D,PER,28,1474,0.0,0.04,0.55,0.06,0.0,0.0,0.85,0.06,59.78,32.3,0.37,50.74,44.39,2.87,0.18,0.12,0.79,0.73,1.1,0,"732,275",-0.78,-1.02,-0.07,-1.02,-0.46,-0.67,0.04,-0.14
Tim Parker,St. Louis City,TAM Player,D,USA,31,2189,0.0,0.07,0.53,0.12,0.0,0.02,0.78,0.0,56.78,31.45,0.41,48.97,42.59,3.91,0.16,0.12,1.19,0.86,1.03,"-700,000","300,000",-0.7,-1.04,-0.07,-1.03,-0.25,-0.62,0.24,0.12
Jonathan Perez,LA Galaxy,,F,MEX,21,397,0.0,0.23,2.95,0.23,0.0,0.09,4.31,0.45,44.89,28.79,4.76,32.19,26.98,2.95,3.63,0.91,2.04,0.23,0.45,"25,000","300,000",0.21,0.33,-0.08,0.88,-0.68,0.13,0.11,-0.05
Akil Watts,St. Louis City,,D,USA,24,966,0.0,0.03,0.75,0.09,0.09,0.04,1.77,0.09,57.58,27.02,1.58,46.3,37.55,3.63,1.49,1.02,3.63,0.65,2.7,"29,904","104,000",-0.73,-0.52,-0.08,0.18,1.9,0.15,0.0,-0.19
Reggie Cannon,Colorado Rapids,TAM Player,D,USA,26,525,0.17,0.02,0.51,0.17,0.0,0.0,1.03,0.17,56.57,28.46,0.69,49.2,42.0,3.94,0.69,0.69,1.03,1.2,0.69,0,"750,000",-0.53,-0.86,-0.08,-0.38,-0.35,-0.44,0.01,-0.18
Andrés Cubas,Vancouver Whitecaps FC,Designated Player,D/M,PAR,27,2325,0.0,0.0,0.35,0.04,0.04,0.03,0.89,0.15,57.68,32.86,0.23,48.43,43.35,3.56,0.58,0.23,3.33,1.9,1.55,0,"1,050,000",-0.9,-0.74,-0.08,-0.79,1.74,-0.15,0.03,-0.15
Kevin Long,Toronto FC,,D,IRL,33,2114,0.0,0.0,0.26,0.04,0.0,0.03,0.51,0.04,64.16,33.63,0.13,53.34,45.43,1.83,0.09,0.04,1.66,0.72,1.49,"180,000","430,000",-0.92,-1.02,-0.08,-1.12,0.2,-0.59,1.05,1.15
Jesús Daniel Bueno,Philadelphia Union,,D/M,VEN,24,637,0.57,0.34,1.98,0.85,0.0,0.1,1.98,0.0,55.1,32.5,1.55,44.65,35.6,3.25,2.4,1.27,2.4,1.55,0.99,"20,000","300,000",1.26,-0.59,-0.09,0.72,0.7,0.4,0.0,-0.19
DeAndre Yedlin,Inter Miami,TAM Player,D,USA,30,2733,0.0,0.04,0.43,0.1,0.1,0.1,1.48,0.16,59.18,31.58,0.99,49.36,40.21,2.57,0.99,0.23,1.94,1.15,1.38,"50,000","900,000",-0.78,-0.3,-0.09,-0.63,0.52,-0.26,0.11,-0.05
Daniel Rosero,Sporting Kansas City,,D,COL,30,1891,0.1,0.07,0.48,0.14,0.0,0.0,0.33,0.0,62.11,34.03,0.0,52.02,45.17,2.33,0.52,0.38,1.19,1.14,1.0,"20,000","530,000",-0.57,-1.19,-0.09,-0.69,-0.09,-0.52,0.0,-0.19
Brandon Bye,New England Revolution,,D,USA,28,787,0.11,0.06,0.57,0.11,0.11,0.08,1.26,0.11,60.5,26.53,1.49,51.8,37.62,2.74,0.57,0.23,0.57,1.49,1.14,"50,000","425,000",-0.56,-0.43,-0.09,-0.79,-0.05,-0.39,0.0,-0.19
Jon Bell,Seattle Sounders FC,,D,JAM,26,492,0.18,0.02,0.37,0.18,0.0,0.02,0.18,0.0,61.65,31.1,0.18,51.59,43.72,2.93,0.0,0.0,1.46,1.28,1.65,"34,556","135,000",-0.54,-1.16,-0.09,-1.18,0.58,-0.48,0.12,-0.04
Yannick Bright,Inter Miami,,D/M,ITA,22,1633,0.0,0.01,0.17,0.0,0.11,0.04,1.65,0.39,61.78,29.87,0.28,49.93,43.87,3.14,1.43,0.55,2.98,1.93,1.71,"9,221","80,622",-0.95,-0.15,-0.1,-0.22,1.71,0.06,0.03,-0.15
Niko Tsakiris,San Jose Earthquakes,Homegrown Player,M,USA,18,1527,0.0,0.02,0.65,0.06,0.06,0.08,1.71,0.06,53.34,31.36,1.83,43.32,36.37,3.24,1.47,0.47,1.65,0.77,1.3,"55,000","165,000",-0.78,-0.51,-0.1,-0.27,0.09,-0.31,0.0,-0.19
Noah Cobb,Atlanta United,Homegrown Player,D,USA,18,1411,0.0,0.03,0.13,0.06,0.0,0.0,0.38,0.0,60.09,33.61,0.13,50.45,41.72,3.0,0.0,0.0,1.34,0.7,1.72,"19,284","109,000",-0.9,-1.18,-0.1,-1.18,0.21,-0.63,0.0,-0.19
Andrew Gutman,Chicago Fire,,D,USA,27,727,0.12,0.07,1.61,0.25,0.12,0.0,1.11,0.0,59.05,29.71,1.86,46.05,33.05,2.72,2.35,1.11,2.6,1.11,0.74,0,"600,000",-0.2,-0.8,-0.11,0.57,0.34,-0.04,0.0,-0.19
Nick Lima,New England Revolution,,D,USA,29,1907,0.05,0.03,0.33,0.05,0.0,0.03,1.51,0.09,58.8,29.21,1.23,50.03,39.55,2.55,0.8,0.33,1.32,1.27,0.99,0,"375,000",-0.78,-0.78,-0.11,-0.62,0.04,-0.45,0.04,-0.14
Josh Bauer,Nashville SC,,D,USA,25,1864,0.0,0.08,0.48,0.05,0.0,0.0,0.53,0.05,60.02,31.58,0.63,50.31,42.01,2.51,0.43,0.05,1.74,1.06,1.16,"85,798","180,000",-0.74,-1.09,-0.11,-0.99,0.22,-0.54,0.01,-0.18
Lucas Bartlett,D.C. United,,D,USA,26,2740,0.07,0.07,0.76,0.16,0.1,0.06,1.08,0.2,59.75,30.74,0.43,49.4,39.78,3.42,0.13,0.07,1.12,1.15,1.48,"360,284","450,000",-0.53,-0.44,-0.11,-1.08,0.22,-0.39,0.0,-0.19
Ranko Veselinović,Vancouver Whitecaps FC,,D,SRB,24,3214,0.06,0.04,0.45,0.14,0.03,0.0,0.36,0.08,61.35,37.8,0.14,51.38,47.18,0.98,0.08,0.03,0.73,0.7,1.32,"50,000","670,000",-0.68,-1.03,-0.11,-1.13,-0.35,-0.66,0.0,-0.19
Anthony Markanich,St. Louis City,,D,PHI,24,1415,0.0,0.03,1.21,0.45,0.0,0.04,2.42,0.06,58.83,23.6,1.02,46.49,33.46,5.09,0.45,0.06,2.42,1.72,1.78,"14,284","104,000",-0.41,-0.61,-0.13,-0.97,1.38,-0.15,0.0,-0.19
Xande Silva,Atlanta United,TAM Player,F,POR,26,1535,0.18,0.17,2.64,1.35,0.06,0.16,3.64,0.23,45.26,29.9,3.69,31.78,25.45,3.81,4.63,1.82,1.47,0.53,1.11,"25,000","585,000",0.91,0.28,-0.15,1.98,-0.27,0.55,0.02,-0.16
Hannes Wolf,New York City FC,TAM Player,F,AUT,24,2913,0.15,0.14,1.51,0.59,0.22,0.28,4.08,0.37,47.58,26.05,2.97,35.93,27.56,4.7,3.99,1.76,1.79,0.25,1.14,0,"1,400,000",0.12,1.19,-0.15,1.7,-0.29,0.51,0.08,-0.09
Paul Arriola,FC Dallas,TAM Player,F,USA,29,2546,0.18,0.17,1.8,0.78,0.07,0.1,3.36,0.57,50.59,28.99,2.23,40.58,30.65,3.96,1.52,0.53,1.45,0.35,0.99,"-550,000","1,000,000",0.38,0.46,-0.15,-0.2,-0.48,0.0,0.01,-0.18
Sean Nealis,New York Red Bulls,,D,USA,27,2507,0.0,0.05,0.68,0.14,0.07,0.03,0.72,0.14,59.2,31.81,0.14,49.51,42.72,2.94,0.11,0.07,1.33,1.22,1.22,"100,000","550,000",-0.68,-0.72,-0.15,-1.09,0.18,-0.49,0.01,-0.18
Ronald Donkor,New York Red Bulls,,M,MLI,19,997,0.0,0.0,0.09,0.09,0.0,0.07,2.53,0.09,48.02,28.53,1.44,40.98,33.85,5.06,1.62,1.17,1.99,1.35,0.9,"10,000","140,000",-0.94,-0.47,-0.16,0.35,0.33,-0.18,0.0,-0.19
Jon Gallagher,Austin FC,,D,IRL,28,2751,0.1,0.08,0.59,0.26,0.07,0.08,1.77,0.13,51.36,25.98,2.55,43.48,33.7,2.94,1.34,0.56,1.37,0.52,0.69,0,"375,000",-0.46,-0.4,-0.17,-0.24,-0.62,-0.38,0.02,-0.16
Miguel Araujo,Portland Timbers,TAM Player,D,PER,29,1723,0.0,0.04,0.47,0.05,0.1,0.04,0.84,0.21,59.02,31.29,0.16,49.05,41.0,2.98,0.31,0.21,1.78,1.25,1.36,"25,000","575,000",-0.8,-0.53,-0.17,-0.9,0.5,-0.38,0.25,0.13
Sebastien Ibeagha,FC Dallas,,D,USA,32,2880,0.06,0.04,0.38,0.12,0.0,0.0,0.75,0.03,60.91,32.06,0.19,51.84,43.34,1.94,0.22,0.06,0.94,0.94,0.91,"55,000","675,000",-0.7,-1.07,-0.17,-1.06,-0.4,-0.68,0.0,-0.19
Célio Pompeu,St. Louis City,,F,BRA,24,1243,0.22,0.09,1.81,0.94,0.22,0.2,4.42,0.29,43.95,23.75,4.71,30.99,19.91,4.13,3.84,2.32,1.88,0.58,1.45,"54,155","218,250",0.4,0.93,-0.18,2.09,0.18,0.69,0.0,-0.19
Sigurd Rosted,Toronto FC,TAM Player,D,NOR,29,1842,0.0,0.0,0.34,0.1,0.0,0.0,0.34,0.0,56.78,32.3,0.54,47.83,39.67,2.74,0.29,0.15,1.56,1.71,1.03,"50,000","800,000",-0.87,-1.18,-0.18,-0.96,0.45,-0.55,0.0,-0.19
Daniel Munie,San Jose Earthquakes,,D,USA,24,1204,0.0,0.08,0.52,0.07,0.0,0.0,0.6,0.0,60.25,31.25,0.15,50.31,41.19,2.62,0.07,0.07,0.67,0.97,1.79,"32,599","104,000",-0.71,-1.14,-0.18,-1.1,0.13,-0.6,0.0,-0.19
Lalas Abubakar,Colorado Rapids,,D,GHA,29,1427,0.0,0.03,0.38,0.0,0.06,0.01,0.32,0.13,57.46,32.48,0.13,48.12,43.27,2.71,0.0,0.0,0.82,1.51,0.95,"35,000","700,000",-0.87,-0.89,-0.18,-1.18,-0.06,-0.64,0.01,-0.18
Noel Buck,New England Revolution,Homegrown Player,M,ENG,18,537,0.17,0.07,0.67,0.34,0.17,0.12,2.01,0.17,48.27,28.49,1.17,39.39,34.53,5.2,1.17,0.34,1.84,0.5,1.17,"25,284","115,000",-0.31,0.01,-0.19,-0.48,-0.08,-0.21,0.02,-0.16
Jannes Horn,St. Louis City,,D,GER,27,561,0.0,0.0,0.64,0.16,0.16,0.08,0.8,0.32,52.62,28.72,1.93,45.56,36.74,2.25,0.64,0.16,0.8,0.32,1.44,"-3,000","315,000",-0.76,-0.17,-0.19,-0.82,-0.47,-0.48,0.01,-0.18
Joakim Nilsson,St. Louis City,TAM Player,D,SWE,30,1211,0.07,0.04,0.45,0.07,0.0,0.01,0.45,0.0,59.83,26.23,0.45,47.49,39.83,3.64,0.22,0.07,2.16,1.78,1.19,"52,250","1,187,250",-0.7,-1.13,-0.19,-1.05,0.88,-0.44,0.01,-0.18
Pep Biel,Charlotte FC,Designated Player,M/F,ESP,27,893,0.2,0.19,2.12,0.71,0.3,0.15,3.43,0.4,44.95,27.61,3.33,32.65,25.2,4.23,3.33,1.01,1.11,1.01,1.21,"-660,000","1,300,000",0.48,0.89,-0.2,0.85,-0.06,0.39,0.05,-0.13
Gerardo Valenzuela,FC Cincinnati,Homegrown Player,M/F,USA,19,994,0.09,0.11,1.81,0.36,0.09,0.16,2.81,0.36,48.89,32.41,2.35,34.95,28.7,3.62,2.81,1.0,2.17,0.36,1.27,"32,599","104,000",-0.07,0.33,-0.2,0.65,0.05,0.15,0.01,-0.18
David Brekalo,Orlando City,TAM Player,D,SVN,25,1204,0.07,0.1,0.6,0.22,0.0,0.0,0.6,0.0,56.74,28.26,0.6,47.77,40.51,3.14,0.37,0.3,1.42,1.35,0.9,0,"600,000",-0.49,-1.14,-0.2,-0.81,0.07,-0.51,0.02,-0.16
Hernán López Muñoz,San Jose Earthquakes,Designated Player,M/F,ARG,23,1878,0.29,0.19,2.16,0.48,0.1,0.13,4.27,0.24,49.03,30.77,1.92,33.26,22.72,5.37,5.94,2.2,2.59,0.81,0.67,0,"850,000",0.48,0.4,-0.22,2.77,0.09,0.7,0.01,-0.18
Maren Haile-Selassie,Chicago Fire,,M,SUI,24,2125,0.21,0.27,1.65,0.72,0.08,0.2,3.39,0.42,46.16,28.42,2.58,37.44,30.2,3.64,2.67,1.14,0.64,0.38,0.93,"44,000","388,000",0.51,0.61,-0.22,0.71,-0.87,0.15,0.0,-0.19
Obed Vargas,Seattle Sounders FC,Homegrown Player,M,USA,18,2737,0.03,0.08,0.79,0.23,0.13,0.09,2.63,0.53,54.06,29.27,0.95,42.25,35.22,3.81,1.81,0.85,2.37,1.28,1.81,"35,284","125,000",-0.52,0.38,-0.22,0.16,1.1,0.18,0.04,-0.14
Dániel Gazdag,Philadelphia Union,Designated Player,M/F,HUN,27,2587,0.63,0.54,1.6,1.04,0.07,0.13,3.44,0.31,45.16,29.4,1.67,38.13,30.34,5.04,1.29,0.63,1.18,0.28,0.56,"400,004","2,000,004",1.67,0.27,-0.22,-0.2,-0.95,0.11,0.02,-0.16
Marco Farfan,FC Dallas,,D,USA,25,2114,0.04,0.03,0.26,0.04,0.04,0.02,0.81,0.21,55.69,29.59,0.81,47.3,41.25,2.38,0.6,0.13,2.17,0.98,0.81,"38,000","550,000",-0.82,-0.72,-0.22,-0.86,0.11,-0.5,0.0,-0.19
Tomas Totland,St. Louis City,,D,NOR,25,2486,0.07,0.06,0.62,0.25,0.04,0.08,2.06,0.18,55.86,25.52,1.38,44.49,32.22,3.77,1.38,0.72,2.06,1.63,1.38,"27,000","300,000",-0.53,-0.35,-0.23,-0.1,0.88,-0.06,0.0,-0.19
Cristhian Paredes,Portland Timbers,,M,PAR,25,1356,0.0,0.04,0.66,0.4,0.13,0.06,1.92,0.33,56.22,27.15,0.73,44.27,35.51,3.98,1.13,0.6,2.19,1.66,1.66,"30,000","610,000",-0.56,-0.07,-0.23,-0.29,1.15,0.0,0.0,-0.19
Justin Haak,New York City FC,Homegrown Player,M,USA,22,1082,0.0,0.06,0.75,0.25,0.0,0.03,0.75,0.08,54.48,29.53,0.75,43.0,35.68,3.74,1.25,0.83,1.58,2.16,2.08,"50,004","200,004",-0.59,-0.93,-0.24,-0.06,1.49,-0.06,0.0,-0.19
Joseph Paintsil,LA Galaxy,Designated Player,F,GHA,26,2629,0.48,0.55,2.94,1.3,0.27,0.2,3.7,0.58,45.02,32.25,3.12,33.79,27.39,2.6,3.25,1.16,0.86,0.24,0.58,0,"3,136,000",1.96,1.23,-0.25,0.94,-1.11,0.56,0.07,-0.1
Djibril Diani,Charlotte FC,,D/M,FRA,26,2107,0.04,0.08,0.51,0.09,0.04,0.05,2.39,0.21,46.6,26.06,1.71,36.69,31.74,5.04,1.41,0.81,2.52,1.24,1.71,"40,000","300,000",-0.65,-0.34,-0.25,-0.01,1.07,-0.04,0.0,-0.19
Derrick Williams,Atlanta United,,D,IRL,31,2817,0.03,0.08,0.73,0.22,0.0,0.02,0.77,0.1,58.05,31.92,0.38,47.41,41.31,1.92,0.06,0.06,1.41,1.15,1.53,"50,000","450,000",-0.54,-0.93,-0.25,-1.11,0.39,-0.49,0.43,0.36
D.J. Taylor,Minnesota United,,D,USA,26,1485,0.0,0.03,0.67,0.12,0.06,0.11,1.82,0.18,52.55,22.67,1.76,42.12,32.24,4.12,0.67,0.18,2.3,1.94,0.73,"23,500","183,500",-0.73,-0.26,-0.26,-0.79,0.72,-0.26,0.0,-0.19
Vitor Costa,San Jose Earthquakes,,D,BRA,29,2101,0.09,0.07,0.86,0.13,0.13,0.06,1.58,0.21,57.44,27.2,1.46,44.21,33.88,2.31,0.94,0.56,3.47,1.2,1.24,"25,000","375,000",-0.49,-0.28,-0.27,-0.39,1.14,-0.06,0.16,0.01
Jonathan Dean,Chicago Fire,,D,USA,26,1122,0.08,0.06,0.48,0.08,0.0,0.05,1.44,0.0,54.06,25.99,1.84,42.83,34.09,2.57,1.04,0.48,1.76,1.2,1.36,"15,000","130,000",-0.64,-0.84,-0.27,-0.42,0.46,-0.34,0.12,-0.04
Jakob Glesnes,Philadelphia Union,TAM Player,D,NOR,29,2894,0.09,0.04,0.78,0.19,0.06,0.03,1.12,0.12,53.86,28.39,0.78,43.48,35.23,3.64,0.25,0.19,1.68,1.49,1.52,"100,000","1,100,000",-0.53,-0.69,-0.27,-0.94,0.72,-0.34,0.0,-0.19
Kyle Hiebert,St. Louis City,,D,CAN,26,1365,0.0,0.03,0.59,0.07,0.0,0.01,0.92,0.0,60.99,28.29,0.2,50.24,40.15,2.11,0.26,0.07,1.85,1.12,1.38,"80,004","240,000",-0.78,-1.05,-0.27,-1.03,0.46,-0.53,0.0,-0.19
Denis Bouanga,Los Angeles FC,Designated Player,F,GAB,29,3093,0.61,0.65,4.6,1.51,0.26,0.29,4.86,0.76,42.6,27.76,5.5,23.89,15.97,2.42,7.86,2.88,0.99,0.23,0.81,"100,000","3,020,000",2.82,1.9,-0.28,4.03,-0.89,1.51,0.15,0.0
Emil Forsberg,New York Red Bulls,Designated Player,F,SWE,32,1652,0.54,0.42,2.23,0.82,0.27,0.22,4.36,0.54,42.77,28.49,2.4,32.47,24.62,5.12,4.14,1.96,0.76,0.22,0.65,0,"5,405,000",1.39,1.37,-0.28,1.91,-1.12,0.66,0.38,0.29
Richie Laryea,Toronto FC,Designated Player,D,CAN,29,991,0.09,0.06,0.54,0.27,0.18,0.09,2.36,0.27,46.77,27.06,2.72,36.87,30.33,3.0,2.36,1.09,2.0,0.54,0.82,"-160,000","830,000",-0.51,0.13,-0.28,0.56,-0.24,-0.07,0.03,-0.15
Andrés Perea,New York City FC,,D/M,USA,23,1408,0.19,0.2,1.41,0.45,0.06,0.08,2.94,0.26,52.73,25.38,1.41,40.53,32.41,3.96,1.79,0.96,2.11,1.21,1.98,"85,000","660,000",0.16,-0.05,-0.28,0.25,1.06,0.23,0.0,-0.19
Chris Durkin,St. Louis City,U22 Initiative,D/M,USA,24,2260,0.04,0.05,1.08,0.28,0.08,0.08,2.31,0.16,53.12,25.77,0.72,41.85,31.14,4.98,0.72,0.32,2.67,1.55,1.47,"25,000","475,000",-0.45,-0.24,-0.28,-0.66,1.16,-0.09,0.0,-0.19
Stian Rode Gregersen,Atlanta United,TAM Player,D,NOR,28,2108,0.13,0.05,0.56,0.3,0.0,0.02,0.77,0.04,54.39,30.06,0.56,44.27,38.89,2.78,0.21,0.13,2.18,1.15,1.54,"-200,000","800,000",-0.45,-1.0,-0.28,-1.0,0.74,-0.4,0.0,-0.19
Carlos Harvey,Minnesota United,,D/M,PAN,24,1421,0.0,0.03,0.7,0.32,0.06,0.03,1.96,0.19,52.57,28.31,1.14,41.29,34.52,3.36,2.15,1.27,1.96,1.14,1.08,"32,599","104,000",-0.61,-0.46,-0.29,0.63,0.31,-0.08,0.02,-0.16
Caden Clark,Minnesota United,,M/F,USA,20,1788,0.2,0.16,1.51,0.45,0.1,0.11,2.92,0.4,47.32,27.23,2.52,34.08,25.22,4.03,2.27,1.11,2.42,0.76,1.66,"25,000","375,000",0.14,0.28,-0.3,0.54,0.69,0.27,0.03,-0.15
Owen Wolff,Austin FC,Homegrown Player,M,USA,19,1803,0.05,0.08,0.75,0.1,0.15,0.11,3.0,0.55,48.07,26.76,1.5,38.24,31.35,4.34,2.2,0.9,1.35,0.25,1.0,"98,000","208,000",-0.57,0.57,-0.3,0.35,-0.58,-0.11,0.01,-0.18
Christopher McVey,D.C. United,,D,SWE,26,2145,0.04,0.05,0.34,0.17,0.0,0.0,0.67,0.04,53.87,28.87,0.71,44.35,35.87,3.1,0.21,0.21,1.34,1.55,1.55,"48,000","300,000",-0.7,-1.08,-0.3,-0.94,0.62,-0.48,0.0,-0.19
Andreas Maxsø,Colorado Rapids,TAM Player,D,DEN,29,3330,0.0,0.03,0.43,0.08,0.03,0.01,0.3,0.05,55.03,28.65,0.32,46.43,40.76,2.65,0.05,0.0,0.89,0.78,1.3,"50,000","1,200,000",-0.81,-1.04,-0.3,-1.17,-0.24,-0.71,0.0,-0.19
Dominik Marczuk,Real Salt Lake,U22 Initiative,F,POL,20,730,0.12,0.16,0.99,0.37,0.25,0.32,3.95,0.49,42.66,22.81,3.58,30.95,22.32,4.44,2.96,0.86,1.11,0.25,0.62,"60,000","660,000",-0.14,1.48,-0.31,0.6,-0.96,0.13,0.08,-0.09
Njabulo Blom,St. Louis City,,D/M,RSA,24,877,0.1,0.0,0.31,0.21,0.0,0.01,1.74,0.1,48.13,25.66,1.03,41.05,33.87,4.52,0.82,0.62,1.64,1.64,0.92,"18,000","318,000",-0.68,-0.78,-0.31,-0.38,0.37,-0.36,0.04,-0.14
Jefferson Díaz,Minnesota United,,D,COL,23,1208,0.0,0.05,0.75,0.0,0.07,0.01,0.6,0.22,53.2,27.34,0.75,44.25,36.43,3.28,0.89,0.45,1.71,0.67,0.75,"30,000","380,000",-0.75,-0.71,-0.31,-0.5,-0.33,-0.52,0.02,-0.16
Peter Stroud,New York Red Bulls,Homegrown Player,M,USA,21,876,0.0,0.04,0.31,0.1,0.1,0.02,1.85,0.21,49.42,26.92,1.75,38.63,32.47,3.29,1.13,0.62,2.36,1.23,1.34,"35,284","125,000",-0.81,-0.4,-0.32,-0.27,0.73,-0.22,0.04,-0.14
Jack Elliott,Philadelphia Union,TAM Player,D,ENG,28,2391,0.0,0.06,0.72,0.19,0.08,0.07,0.75,0.15,57.93,31.09,0.23,46.98,38.54,1.96,0.15,0.08,1.77,1.36,1.84,"114,773","914,773",-0.63,-0.57,-0.32,-1.07,0.9,-0.34,0.15,0.0
Derrick Etienne,Atlanta United,,F,HAI,27,1766,0.15,0.16,1.27,0.36,0.0,0.1,2.19,0.0,46.27,28.13,1.99,37.05,28.9,3.47,2.24,0.82,0.61,0.51,0.97,"35,504","745,566",-0.04,-0.55,-0.34,0.3,-0.77,-0.28,0.03,-0.15
Joshua Yaro,St. Louis City,,D,GHA,29,772,0.12,0.03,0.23,0.12,0.0,0.0,0.12,0.12,57.12,29.84,0.0,46.28,39.29,2.1,0.12,0.12,1.17,1.63,1.98,"95,284","185,000",-0.68,-1.09,-0.37,-1.04,0.9,-0.45,0.0,-0.19
Paul Rothrock,Seattle Sounders FC,,F,USA,25,1537,0.29,0.26,2.11,0.64,0.12,0.2,2.34,0.41,40.7,27.23,3.98,29.63,20.73,2.69,2.46,0.94,1.05,0.7,0.94,"14,284","104,000",0.67,0.48,-0.38,0.48,-0.48,0.15,0.01,-0.18
Oleksandr Svatok,Austin FC,,D,UKR,29,498,0.0,0.02,0.18,0.0,0.0,0.0,0.18,0.0,54.4,32.89,0.18,45.72,40.66,1.27,0.0,0.0,1.27,1.99,1.08,"200,000","500,000",-0.93,-1.21,-0.38,-1.18,0.53,-0.63,0.0,-0.19
Eric Miller,Portland Timbers,,D,USA,31,1045,0.09,0.02,0.52,0.17,0.09,0.03,0.78,0.17,56.15,24.89,0.26,47.8,38.24,2.67,0.0,0.0,1.55,0.95,1.12,"14,284","104,000",-0.63,-0.64,-0.38,-1.18,0.03,-0.56,0.34,0.24
Nathan Harriel,Philadelphia Union,Homegrown Player,D,USA,22,2462,0.07,0.1,1.28,0.18,0.15,0.07,2.49,0.22,56.33,22.48,1.17,43.32,34.29,2.6,0.99,0.4,2.41,1.61,1.86,"50,000","290,000",-0.34,-0.03,-0.39,-0.5,1.36,0.02,0.0,-0.19
Malachi Jones,New York City FC,,F,SLE,20,488,0.18,0.39,3.32,0.92,0.18,0.13,3.14,0.55,47.77,27.48,4.43,26.0,17.7,1.66,7.38,2.4,2.77,0.55,1.48,"9,221","80,622",1.18,0.71,-0.4,3.46,0.58,1.11,0.02,-0.16
Sebastian Kowalczyk,Houston Dynamo,TAM Player,M/F,POL,25,2395,0.15,0.15,1.62,0.53,0.04,0.07,2.63,0.19,44.0,27.81,1.28,36.34,29.99,4.28,1.58,0.68,0.71,0.64,0.86,"64,000","525,000",0.13,-0.26,-0.4,-0.06,-0.72,-0.26,0.04,-0.14
Oscar Verhoeven,San Jose Earthquakes,Homegrown Player,D,USA,18,470,0.0,0.0,0.0,0.0,0.0,0.0,0.38,0.0,58.21,25.47,0.38,47.3,37.91,1.72,1.72,1.34,1.53,1.15,0.96,"35,284","125,000",-1.01,-1.18,-0.42,0.52,0.04,-0.41,0.0,-0.19
Indiana Vassilev,St. Louis City,,M/F,USA,23,1838,0.15,0.18,1.81,0.34,0.2,0.16,3.43,0.24,44.9,26.0,2.55,33.93,24.83,3.23,2.15,0.73,1.27,0.34,1.42,"80,000","350,000",0.11,0.53,-0.42,0.19,-0.26,0.03,0.01,-0.18
Dániel Sallói,Sporting Kansas City,Designated Player,F,HUN,27,2152,0.13,0.11,2.09,0.79,0.21,0.16,3.51,0.38,43.87,28.31,2.43,33.25,24.34,3.05,3.09,0.92,1.0,0.42,1.05,0,"1,300,000",0.3,0.73,-0.43,0.69,-0.6,0.14,0.0,-0.19
Yuya Kubo,FC Cincinnati,TAM Player,M/F,JPN,30,2730,0.36,0.31,2.24,0.89,0.1,0.12,2.8,0.3,46.02,27.69,2.11,34.45,27.99,2.77,2.14,0.79,2.11,0.63,0.86,"100,000","750,000",1.02,0.17,-0.43,0.24,-0.1,0.18,0.01,-0.18
Tomás Chancalay,New England Revolution,Designated Player,F,ARG,25,929,0.19,0.3,4.36,1.45,0.1,0.18,2.71,0.1,45.73,27.71,2.03,33.71,24.41,3.39,2.91,1.94,0.97,0.1,0.97,"50,000","1,000,000",1.61,0.09,-0.44,1.44,-0.87,0.37,0.01,-0.18
Kwadwo Opoku,CF Montréal,TAM Player,F,GHA,22,645,0.28,0.32,1.81,0.84,0.14,0.13,2.09,0.84,39.49,29.3,2.37,30.0,25.26,3.63,2.79,1.67,0.28,0.14,0.28,"113,505","458,333",0.79,0.77,-0.45,1.18,-1.64,0.13,0.0,-0.19
Gabriel Pirani,D.C. United,U22 Initiative,M/F,BRA,21,1338,0.4,0.25,3.09,1.08,0.07,0.12,3.63,0.54,41.7,26.17,2.76,29.39,22.0,3.7,3.5,1.55,1.28,0.27,0.61,"60,000","725,000",1.29,0.54,-0.46,1.35,-0.88,0.37,0.05,-0.13
Benjamin Kikanovic,San Jose Earthquakes,,F,USA,24,1253,0.22,0.17,1.51,0.43,0.0,0.11,1.44,0.0,48.2,25.43,2.51,34.91,24.92,2.37,2.51,0.65,2.3,0.57,1.36,"75,000","367,000",0.17,-0.66,-0.46,0.26,0.3,-0.08,0.0,-0.19
Devin Padelford,Minnesota United,Homegrown Player,D,USA,21,1589,0.0,0.02,0.17,0.06,0.0,0.03,0.85,0.11,53.92,22.77,1.19,43.67,30.3,2.55,0.91,0.45,1.98,1.59,0.74,"24,284","114,000",-0.9,-0.88,-0.46,-0.49,0.36,-0.47,0.0,-0.19
Jeremy Rafanello,Philadelphia Union,Homegrown Player,M/F,USA,23,321,0.0,0.06,1.68,0.56,0.0,0.14,2.8,0.56,49.63,28.32,0.84,39.25,29.16,3.08,1.68,0.56,1.12,0.28,1.12,"40,000","140,000",-0.18,0.32,-0.47,-0.12,-0.58,-0.21,0.0,-0.19
Bruno Wilson,San Jose Earthquakes,TAM Player,D,POR,27,1041,0.09,0.05,0.35,0.17,0.17,0.07,0.61,0.17,54.03,29.57,0.26,42.54,36.14,1.64,0.09,0.09,0.61,1.73,1.73,"100,000","1,100,000",-0.63,-0.39,-0.48,-1.08,0.54,-0.41,0.09,-0.08
Jackson Hopkins,D.C. United,Homegrown Player,F,USA,19,955,0.0,0.08,0.94,0.28,0.0,0.02,1.6,0.19,45.52,24.31,1.41,35.43,27.9,3.96,1.13,0.57,1.98,0.19,0.94,"14,284","104,000",-0.49,-0.67,-0.49,-0.31,-0.38,-0.47,0.1,-0.06
Dante Sealy,FC Dallas,,F,USA,20,861,0.1,0.16,2.09,0.73,0.0,0.06,2.51,0.21,48.29,27.07,1.99,35.12,26.66,2.09,3.45,1.46,1.46,1.25,0.52,"-171,000","104,000",0.3,-0.37,-0.5,1.26,-0.24,0.09,0.0,-0.19
Saba Lobzhanidze,Atlanta United,TAM Player,F,GEO,29,3024,0.33,0.37,2.89,0.98,0.09,0.14,2.98,0.24,39.76,24.7,3.81,29.08,20.03,2.23,2.26,0.77,0.6,0.62,0.86,0,"900,000",1.28,0.17,-0.51,0.27,-0.79,0.08,0.0,-0.19
Wikelman Carmona,New York Red Bulls,,M/F,VEN,21,1649,0.16,0.12,2.07,0.87,0.22,0.16,3.33,0.16,46.61,24.18,1.96,33.29,25.65,3.27,1.75,0.76,2.95,0.87,1.8,"330,000","495,000",0.4,0.46,-0.51,0.07,1.09,0.3,0.0,-0.19
Stephen Afrifa,Sporting Kansas City,,F,CAN,23,878,0.41,0.28,3.69,1.13,0.31,0.11,4.1,0.1,44.9,28.09,3.28,25.93,18.96,2.15,8.71,4.51,2.05,0.21,2.26,"32,599","104,000",1.53,0.57,-0.52,5.65,0.6,1.56,0.0,-0.19
Jared Stroud,D.C. United,,F,USA,27,2496,0.11,0.19,2.13,0.43,0.25,0.22,2.45,0.36,41.75,27.58,2.67,31.51,21.06,2.67,1.44,0.58,1.51,0.5,0.87,"120,000","350,000",0.2,0.76,-0.52,-0.19,-0.45,-0.04,0.09,-0.08
Aliyu Ibrahim,Houston Dynamo,U22 Initiative,F,NGA,22,2873,0.19,0.2,2.19,0.88,0.13,0.07,2.6,0.28,40.32,25.47,3.48,29.38,24.18,1.75,3.67,1.5,1.16,0.38,0.75,"24,996","474,996",0.6,0.02,-0.53,1.37,-0.76,0.14,0.01,-0.18
Garrison Tubbs,D.C. United,Homegrown Player,D,USA,22,551,0.0,0.08,0.65,0.16,0.0,0.0,0.33,0.16,49.98,27.93,0.16,40.67,35.61,2.45,0.33,0.0,2.78,0.98,0.98,"32,599","104,000",-0.63,-1.0,-0.53,-1.06,0.51,-0.54,0.0,-0.19
Cameron Harper,New York Red Bulls,,F,USA,22,1681,0.27,0.26,2.3,1.23,0.0,0.17,3.16,0.32,39.94,23.08,3.48,27.63,15.85,3.48,3.53,1.45,0.91,0.37,0.8,"60,000","360,000",1.02,0.2,-0.54,1.28,-0.85,0.22,0.07,-0.1
Tanner Beason,San Jose Earthquakes,,D,USA,26,1625,0.0,0.02,0.33,0.06,0.0,0.04,0.61,0.0,54.5,26.14,0.11,43.42,36.06,1.66,0.28,0.11,1.0,0.94,1.72,"25,000","325,000",-0.86,-1.02,-0.55,-0.99,0.21,-0.64,0.0,-0.19
Iuri Tavares,Charlotte FC,,F,CPV,22,969,0.28,0.42,2.41,0.84,0.09,0.1,2.41,0.28,43.84,26.47,2.79,25.36,16.35,3.34,5.39,2.14,2.04,0.46,2.23,"14,284","104,000",1.09,-0.01,-0.57,2.52,0.73,0.76,0.0,-0.19
Robert Taylor,Inter Miami,,F,FIN,29,1718,0.26,0.18,1.41,0.63,0.16,0.18,2.93,0.37,41.23,24.15,2.31,33.32,26.46,2.57,2.31,1.2,0.73,0.58,0.79,"275,000","575,000",0.33,0.57,-0.57,0.63,-0.8,0.03,2.05,2.42
Hosei Kijima,St. Louis City,,M,JPN,21,784,0.11,0.2,1.61,0.23,0.11,0.14,3.79,0.11,41.21,21.7,2.41,26.98,19.86,4.59,2.07,1.15,2.3,1.38,2.07,"9,221","80,622",-0.02,0.21,-0.57,0.5,1.32,0.29,0.01,-0.18
Olivier Mbaizo,Philadelphia Union,,D,CMR,26,1200,0.0,0.0,0.3,0.0,0.15,0.1,2.17,0.38,51.15,22.58,0.68,42.15,33.15,2.17,1.05,0.68,1.2,1.05,1.27,"80,000","430,000",-0.93,0.19,-0.58,-0.25,0.05,-0.31,0.0,-0.19
Tyler Boyd,Nashville SC,TAM Player,F,USA,29,1133,0.16,0.15,1.35,0.64,0.16,0.1,2.7,0.48,39.24,24.47,2.54,28.76,21.21,3.42,3.02,1.27,1.11,0.4,0.87,"330,000","1,100,000",0.14,0.42,-0.59,0.95,-0.69,0.05,0.64,0.62
Conner Antley,D.C. United,,D,USA,28,434,0.0,0.04,0.41,0.0,0.21,0.25,1.04,0.21,54.54,23.85,0.62,42.3,28.0,2.07,1.24,0.83,3.32,1.24,1.66,"14,284","104,000",-0.84,0.34,-0.59,-0.06,1.39,0.05,0.0,-0.19
Osman Bukari,Austin FC,Designated Player,F,GHA,25,695,0.13,0.19,1.55,0.39,0.39,0.27,4.66,0.65,32.12,23.44,4.79,21.88,14.12,2.59,4.01,2.33,1.04,0.52,1.04,"500,000","1,500,000",0.07,1.94,-0.6,2.16,-0.52,0.61,0.08,-0.09
Fafà Picault,Vancouver Whitecaps FC,,F,HAI,33,2028,0.4,0.43,2.31,1.02,0.31,0.2,3.24,0.49,43.36,27.74,2.22,30.0,22.86,2.22,3.77,1.6,0.98,0.67,0.98,"-50,000","600,000",1.35,1.12,-0.6,1.49,-0.5,0.57,0.0,-0.19
Dominik Yankov,CF Montréal,U22 Initiative,M/F,BUL,23,728,0.25,0.26,2.23,0.99,0.12,0.05,2.47,0.37,42.53,28.56,2.23,28.68,21.76,2.47,3.59,1.24,1.36,0.25,1.24,"25,000","375,000",0.84,0.03,-0.6,1.13,-0.41,0.2,0.01,-0.18
Tyler Wolff,Atlanta United,Homegrown Player,F,USA,21,519,0.17,0.21,1.91,0.52,0.0,0.05,2.77,0.0,47.86,25.32,1.56,32.77,25.84,2.25,2.25,1.04,2.77,0.87,2.77,"10,000","160,000",0.31,-0.59,-0.62,0.48,1.7,0.26,0.0,-0.19
Emmanuel Boateng,New England Revolution,,M,GHA,30,726,0.25,0.2,1.61,0.74,0.25,0.16,2.36,0.25,43.14,27.27,1.98,31.24,22.56,2.36,1.61,0.62,1.74,0.99,1.74,"145,000","300,000",0.46,0.45,-0.62,-0.09,0.58,0.15,0.11,-0.05
Diogo Gonçalves,Real Salt Lake,Designated Player,M,POR,27,676,0.27,0.37,2.13,0.8,0.0,0.13,4.13,0.27,41.94,20.1,1.86,34.48,24.23,3.59,0.93,0.27,1.2,0.27,0.53,0,"1,650,000",0.91,0.21,-0.62,-0.62,-0.97,-0.22,0.08,-0.09
Jack Skahan,San Jose Earthquakes,,M,USA,26,860,0.1,0.29,2.2,1.05,0.1,0.17,3.56,0.42,40.29,23.23,2.41,28.47,21.24,3.24,3.03,1.47,0.63,0.1,1.05,"25,000","175,000",0.72,0.59,-0.64,1.11,-0.97,0.16,0.0,-0.19
Jacob Shaffelburg,Nashville SC,,F,CAN,24,1409,0.13,0.11,1.34,0.38,0.19,0.21,2.11,0.19,40.05,22.29,3.64,28.62,16.22,1.92,3.19,1.09,1.09,0.77,1.85,"75,000","425,000",-0.12,0.36,-0.65,0.87,0.23,0.14,0.09,-0.08
Danley Jean-Jacques,Philadelphia Union,TAM Player,D/M,HAI,24,447,0.0,0.22,0.81,0.0,0.0,0.16,0.81,0.2,46.31,21.95,1.01,36.85,30.2,2.62,1.01,0.6,3.02,1.61,1.21,"50,000","600,000",-0.46,-0.4,-0.65,-0.33,1.17,-0.13,0.0,-0.19
Kobe Franklin,Toronto FC,Homegrown Player,D,CAN,20,709,0.0,0.09,1.27,0.25,0.13,0.1,2.03,0.13,50.27,24.63,0.63,40.62,33.39,1.27,1.27,0.38,0.63,0.51,0.89,"35,284","125,000",-0.41,-0.17,-0.65,-0.41,-0.82,-0.49,0.01,-0.18
Bongokuhle Hlongwane,Minnesota United,U22 Initiative,F,RSA,23,2276,0.43,0.38,2.21,1.15,0.16,0.14,2.65,0.24,40.14,24.28,2.45,26.57,19.61,3.16,3.08,1.23,1.42,0.51,1.42,"395,000","1,000,000",1.36,0.25,-0.66,0.94,-0.09,0.36,0.01,-0.18
Lewis Morgan,New York Red Bulls,TAM Player,F,SCO,27,2679,0.44,0.45,3.36,1.18,0.17,0.23,3.59,0.5,37.83,22.95,2.72,26.51,18.54,3.46,2.15,1.11,0.81,0.17,0.6,0,"1,250,000",1.78,1.0,-0.66,0.5,-1.16,0.29,0.9,0.95
Jonathan Rodríguez,Portland Timbers,Designated Player,F,URU,30,2587,0.59,0.47,3.58,1.53,0.21,0.21,3.06,0.49,39.52,23.59,2.89,27.97,20.56,2.4,2.16,0.9,0.8,0.21,0.52,"1,000,000","2,775,000",2.27,0.92,-0.66,0.33,-1.2,0.33,0.18,0.04
Andrés Reyes,New York Red Bulls,TAM Player,D,COL,24,1792,0.05,0.03,0.45,0.05,0.0,0.02,0.65,0.2,50.32,23.35,0.25,39.02,31.04,2.46,0.35,0.35,1.21,1.21,2.36,"90,000","732,000",-0.76,-0.84,-0.67,-0.77,0.93,-0.42,0.06,-0.11
Alex Muyl,Nashville SC,,F,USA,28,2389,0.19,0.16,1.24,0.41,0.04,0.04,2.03,0.11,45.77,23.92,1.09,34.36,26.22,2.67,2.56,1.05,1.58,0.83,1.17,"10,000","535,000",0.03,-0.55,-0.68,0.6,0.01,-0.12,0.02,-0.16
Luis Suárez,Inter Miami,TAM Player,F,URU,37,2199,0.86,0.62,3.56,2.09,0.37,0.27,3.77,0.86,42.69,23.04,1.15,33.48,25.09,3.23,2.54,1.02,0.12,0.12,0.16,0,"1,500,000",3.18,1.97,-0.69,0.57,-1.81,0.64,1.42,1.62
Kerwin Vargas,Charlotte FC,U22 Initiative,F,COL,22,2684,0.2,0.17,2.21,0.67,0.07,0.1,2.15,0.1,39.7,24.51,1.74,30.15,21.93,2.92,1.71,0.67,1.11,0.54,0.84,"200,000","600,000",0.45,-0.3,-0.71,-0.02,-0.62,-0.24,0.0,-0.19
Cristian Arango,Real Salt Lake,Designated Player,F,COL,28,2455,0.62,0.56,4.44,1.69,0.22,0.24,3.7,0.59,35.38,23.83,2.71,22.73,15.62,3.74,3.45,1.32,0.73,0.15,0.73,"100,004","2,000,000",2.75,1.26,-0.72,1.15,-1.12,0.66,0.07,-0.1
Léo Chú,Seattle Sounders FC,U22 Initiative,F,BRA,23,714,0.13,0.1,1.13,0.5,0.25,0.13,2.65,0.25,38.82,23.57,3.03,25.08,18.15,1.76,3.91,1.39,2.39,0.5,1.26,"1,200,000","3,600,000",-0.12,0.41,-0.76,1.37,0.23,0.23,0.01,-0.18
Jeong Sangbin,Minnesota United,U22 Initiative,F,KOR,21,2350,0.23,0.18,1.49,0.61,0.04,0.1,2.6,0.15,39.83,22.98,2.14,30.75,20.26,2.14,2.72,1.19,0.69,0.42,0.61,"55,000","630,750",0.29,-0.22,-0.76,0.77,-1.05,-0.19,0.0,-0.19
Bernard Kamungo,FC Dallas,,F,USA,22,1331,0.0,0.18,1.89,0.68,0.14,0.07,2.23,0.41,37.87,23.13,2.91,24.88,18.87,2.1,2.84,0.88,1.56,0.41,0.95,"135,284","225,000",0.12,0.13,-0.76,0.57,-0.42,-0.07,0.01,-0.18
Christian Ramirez,Columbus Crew,,F,USA,32,1523,0.53,0.46,2.78,1.36,0.18,0.31,2.9,0.53,38.35,21.39,0.71,31.67,24.7,4.14,0.3,0.06,0.18,0.06,0.18,"75,000","525,000",1.88,1.16,-0.78,-1.03,-1.81,-0.11,0.09,-0.08
Cedric Teuchert,St. Louis City,TAM Player,F,GER,27,754,0.6,0.24,3.1,1.07,0.48,0.26,3.58,0.72,36.17,21.6,2.03,24.95,16.83,3.82,2.39,1.43,1.31,0.36,1.19,"250,000","1,200,000",1.54,1.97,-0.8,0.84,-0.4,0.63,0.01,-0.18
Logan Farrington,FC Dallas,,F,USA,22,1245,0.29,0.25,2.67,1.08,0.36,0.25,3.98,0.8,37.08,23.86,2.46,24.8,18.51,2.31,2.46,0.94,0.94,0.43,1.08,"32,599","104,000",1.04,1.87,-0.8,0.48,-0.6,0.4,0.0,-0.19
Sergio Santos Gomes,FC Cincinnati,Homegrown Player,F,BRA,29,1042,0.26,0.37,2.16,1.3,0.17,0.12,3.54,0.52,43.1,24.7,1.47,29.63,20.82,2.07,1.73,0.52,1.73,0.43,0.86,"25,000","825,000",1.19,0.7,-0.8,-0.13,-0.4,0.11,0.0,-0.19
Jacen Russell-Rowe,Columbus Crew,Homegrown Player,F,CAN,21,1174,0.38,0.3,2.76,1.46,0.15,0.08,2.45,0.08,36.87,22.46,1.69,26.37,19.17,3.53,2.45,0.92,0.69,0.23,0.54,"30,284","120,000",1.48,-0.17,-0.81,0.46,-1.22,-0.05,0.01,-0.18
Nathan Ordaz,Los Angeles FC,Homegrown Player,F,SLV,20,381,0.24,0.5,1.65,0.71,0.47,0.35,1.89,0.94,36.85,23.15,2.6,23.86,18.66,1.89,2.36,0.71,1.18,0.24,0.94,"18,000","146,500",0.91,2.15,-0.84,0.26,-0.71,0.35,0.02,-0.16
Omir Fernandez,Colorado Rapids,,F,USA,25,1860,0.1,0.19,1.26,0.48,0.15,0.12,2.42,0.44,35.66,22.26,2.23,24.73,18.87,2.61,3.15,1.4,1.26,0.58,0.82,"25,000","600,000",0.01,0.36,-0.85,1.1,-0.54,0.01,0.0,-0.19
Michael Boxall,Minnesota United,,D,NZL,35,3255,0.03,0.05,0.41,0.06,0.0,0.01,0.69,0.08,45.54,20.82,0.28,36.44,30.44,1.8,0.28,0.19,0.88,0.91,1.11,"25,000","700,000",-0.75,-1.0,-0.85,-0.93,-0.3,-0.77,0.0,-0.19
Nikola Petković,Charlotte FC,U22 Initiative,D/M,SRB,21,500,0.18,0.2,2.34,0.72,0.18,0.11,2.7,0.18,38.34,20.34,1.62,29.52,21.24,2.52,0.9,0.54,1.62,0.72,1.08,"60,000","420,000",0.53,0.14,-0.87,-0.42,-0.11,-0.14,0.01,-0.18
Christopher Donovan,Philadelphia Union,,F,USA,23,379,0.24,0.31,2.14,0.24,0.0,0.31,2.85,0.24,41.79,19.95,1.9,29.21,17.34,2.14,2.14,0.95,1.9,0.47,1.42,"90,284","180,000",0.46,0.46,-0.88,0.37,0.1,0.1,0.02,-0.16
Jáder Obrian,Austin FC,,F,COL,28,2315,0.31,0.17,1.32,0.51,0.08,0.06,1.79,0.16,35.92,21.81,1.9,26.79,18.89,2.49,2.25,0.7,1.09,0.47,1.52,"-45,000","450,000",0.29,-0.4,-0.89,0.21,-0.19,-0.2,0.0,-0.19
Dennis Gjengaar,New York Red Bulls,U22 Initiative,F,NOR,20,933,0.19,0.24,1.25,0.68,0.0,0.13,2.03,0.1,36.17,22.19,2.03,26.05,18.33,2.22,1.93,0.48,0.87,0.58,1.74,"20,000","360,000",0.32,-0.38,-0.9,-0.09,-0.07,-0.22,0.0,-0.19
Klauss,St. Louis City,Designated Player,F,BRA,26,1961,0.23,0.43,3.49,0.87,0.14,0.1,3.81,0.23,36.58,19.83,1.93,25.06,16.71,2.98,2.2,1.24,0.96,0.18,0.69,0,"1,230,000",1.33,0.3,-0.92,0.62,-1.02,0.06,0.77,0.79
Ousseni Bouda,San Jose Earthquakes,,F,BFA,23,443,0.2,0.18,2.03,0.61,0.0,0.06,1.02,0.0,36.16,21.33,2.23,23.97,19.3,1.83,1.63,1.02,1.02,0.2,0.41,"25,000","150,000",0.39,-0.88,-0.93,0.23,-1.18,-0.48,0.0,-0.19
Kevin Cabral,Colorado Rapids,Designated Player,F,FRA,24,1418,0.32,0.41,2.09,0.89,0.13,0.12,2.28,0.38,35.16,19.87,2.28,22.79,16.88,2.16,2.35,0.83,1.33,0.83,1.14,"150,000","2,100,000",1.08,0.22,-0.97,0.35,-0.13,0.11,0.02,-0.16
Sunusi Ibrahim,CF Montréal,U22 Initiative,F,NGA,21,1046,0.52,0.4,2.75,0.95,0.09,0.15,2.67,0.17,38.72,20.31,1.29,26.59,20.56,2.24,1.03,0.52,0.34,0.34,0.52,0,"350,000",1.53,0.06,-0.97,-0.39,-1.32,-0.22,0.01,-0.18
Nökkvi Þórisson,St. Louis City,,F,ISL,24,1190,0.3,0.41,3.4,1.13,0.0,0.14,2.87,0.45,36.38,19.82,2.19,23.9,16.49,1.89,2.04,1.06,1.13,0.45,0.98,"20,004","200,004",1.51,0.21,-0.99,0.42,-0.57,0.12,0.0,-0.19
Luca Langoni,New England Revolution,U22 Initiative,F,ARG,22,776,0.35,0.09,0.81,0.58,0.23,0.2,2.2,0.46,33.98,22.15,1.74,23.89,17.86,1.97,3.02,1.16,1.74,0.81,0.93,"50,000","660,000",0.13,0.74,-1.01,0.86,-0.1,0.12,0.05,-0.13
Brandt Bronico,Charlotte FC,,M,USA,28,2105,0.04,0.1,0.98,0.21,0.21,0.12,1.75,0.3,34.63,17.62,1.33,26.98,19.97,2.74,0.81,0.21,1.24,0.68,1.07,0,"350,000",-0.44,0.2,-1.02,-0.72,-0.31,-0.46,0.0,-0.19
Daniel Musovski,Seattle Sounders FC,,F,USA,28,547,0.16,0.28,2.14,1.15,0.16,0.1,1.81,0.33,34.39,19.58,2.14,21.39,15.96,2.14,3.46,1.65,1.97,0.16,0.66,"195,909","555,000",0.82,0.08,-1.03,1.42,-0.6,0.14,0.0,-0.19
Leonardo Campana,Inter Miami,TAM Player,F,ECU,23,1397,0.58,0.43,2.32,1.16,0.13,0.08,1.68,0.52,37.56,19.01,0.9,26.99,20.49,2.38,1.03,0.32,0.9,0.13,0.77,"650,000","1,250,000",1.67,0.16,-1.05,-0.55,-1.02,-0.16,0.25,0.13
Diego Rubio,Austin FC,,F,CHI,30,1941,0.19,0.21,1.81,0.51,0.05,0.05,1.67,0.23,34.78,19.89,0.74,25.46,18.32,3.15,1.25,0.6,1.25,0.32,1.11,"-142,000","208,000",0.31,-0.43,-1.06,-0.24,-0.51,-0.39,0.11,-0.05
Theodore Ku-Dipietro,D.C. United,U22 Initiative,M/F,USA,22,1864,0.1,0.27,1.83,0.48,0.19,0.15,2.37,0.34,32.83,20.09,1.93,22.02,14.1,2.12,2.99,1.64,1.4,0.63,0.92,"100,000","400,000",0.27,0.4,-1.09,1.23,-0.38,0.09,0.0,-0.19
Rafael Navarro,Colorado Rapids,Designated Player,F,BRA,23,3031,0.45,0.48,2.52,1.01,0.03,0.07,2.73,0.45,35.87,19.86,1.34,22.36,16.03,2.29,3.44,1.54,1.69,0.24,1.57,0,"1,392,000",1.54,0.04,-1.1,1.32,-0.03,0.35,0.22,0.09
Petar Musa,FC Dallas,Designated Player,F,CRO,25,2387,0.6,0.38,3.36,1.06,0.11,0.11,2.3,0.26,36.08,20.51,0.9,23.72,15.95,2.38,1.89,0.87,0.45,0.34,0.83,"450,000","2,250,000",1.82,0.02,-1.13,0.21,-1.05,-0.03,0.13,-0.02
Jules-Anthony Vilsaint,CF Montréal,,F,CAN,21,962,0.19,0.31,2.53,0.75,0.19,0.15,2.53,0.65,31.81,21.42,1.5,22.45,17.21,1.68,1.59,0.94,1.03,0.28,0.47,"35,284","125,000",0.78,0.79,-1.13,0.16,-1.08,-0.1,0.0,-0.19
Jordan Morris,Seattle Sounders FC,TAM Player,F,USA,29,2931,0.46,0.4,2.18,1.11,0.12,0.2,3.04,0.46,28.07,16.95,2.33,21.25,15.84,2.09,1.14,0.64,0.64,0.18,0.4,"566,250","2,250,000",1.4,0.67,-1.13,-0.25,-1.37,-0.14,0.21,0.08
Jeremy Ebobisse,San Jose Earthquakes,TAM Player,F,USA,27,1964,0.27,0.36,2.06,0.69,0.09,0.13,2.75,0.46,33.13,18.56,0.69,25.02,19.48,2.7,1.28,0.6,0.46,0.27,0.5,"-179,478","680,000",0.82,0.35,-1.14,-0.23,-1.33,-0.31,0.01,-0.18
Rasmus Alm,St. Louis City,,F,SWE,28,836,0.22,0.11,1.4,0.22,0.22,0.15,1.83,0.22,36.82,17.44,0.75,24.65,15.83,2.69,1.94,0.75,2.05,0.75,1.4,"14,000","279,500",-0.07,0.23,-1.16,0.13,0.33,-0.11,0.0,-0.19
Simon Becher,St. Louis City,,F,USA,25,547,0.66,0.26,1.48,0.99,0.0,0.02,2.3,0.16,32.08,19.09,2.14,20.4,14.15,1.32,3.13,1.15,0.66,0.33,0.33,0,"138,000",1.21,-0.58,-1.17,0.89,-1.32,-0.19,0.01,-0.18
Ramiro Enrique,Orlando City,U22 Initiative,F,ARG,22,1377,0.59,0.58,3.2,1.31,0.13,0.08,2.94,0.26,30.46,17.84,2.03,20.33,15.23,1.5,2.16,1.11,0.46,0.2,0.72,"22,727","363,636",2.22,0.09,-1.2,0.5,-1.21,0.08,0.02,-0.16
Christian Benteke,D.C. United,Designated Player,F,BEL,33,2594,0.8,0.62,3.16,1.46,0.17,0.17,2.67,0.35,35.35,16.03,0.52,25.81,15.09,2.85,1.04,0.35,0.21,0.07,0.49,"250,000","4,500,000",2.64,0.49,-1.21,-0.52,-1.57,-0.04,0.17,0.03
Darren Yapi,Colorado Rapids,,F,USA,19,783,0.23,0.24,1.61,0.46,0.11,0.03,1.72,0.34,31.61,18.05,1.95,18.97,12.87,1.61,2.99,1.49,2.07,0.34,0.8,"14,284","104,000",0.33,-0.23,-1.22,1.11,-0.35,-0.07,0.0,-0.19
Amahl Pellegrino,San Jose Earthquakes,TAM Player,F,NOR,33,1806,0.4,0.41,2.19,0.8,0.1,0.13,2.09,0.3,33.04,18.74,1.1,23.02,16.94,1.69,1.99,0.9,1.2,0.75,0.85,0,"850,000",1.16,0.07,-1.22,0.27,-0.44,-0.03,0.05,-0.13
Teal Bunbury,Nashville SC,,F,USA,33,1212,0.22,0.27,1.41,0.3,0.15,0.1,1.34,0.15,34.6,18.04,0.74,25.4,17.6,1.86,0.82,0.3,0.89,0.59,0.59,0,"250,000",0.23,-0.23,-1.22,-0.64,-0.87,-0.55,0.0,-0.19
William Agada,Sporting Kansas City,,F,NGA,24,1822,0.49,0.76,4.4,1.19,0.2,0.09,2.86,0.35,33.39,19.56,0.99,22.03,17.04,1.14,1.09,0.3,0.64,0.25,0.4,"25,000","500,000",2.6,0.35,-1.27,-0.54,-1.33,-0.04,0.0,-0.19
Daniel Armando Ríos,Atlanta United,,F,MEX,29,1521,0.41,0.4,2.72,1.36,0.18,0.1,2.49,0.36,31.66,18.28,0.89,21.12,15.74,2.01,1.01,0.36,0.77,0.06,0.89,"57,884","147,600",1.61,0.28,-1.28,-0.52,-1.04,-0.19,0.0,-0.19
Sam Surridge,Nashville SC,Designated Player,F,ENG,25,2477,0.47,0.38,2.36,0.94,0.07,0.07,1.96,0.18,30.67,15.7,1.27,21.91,14.82,1.85,1.02,0.55,0.91,0.25,0.51,"275,000","2,775,000",1.33,-0.33,-1.3,-0.37,-1.13,-0.36,0.01,-0.18
Monsef Bakrar,New York City FC,TAM Player,F,ALG,23,1426,0.25,0.41,4.1,1.39,0.0,0.06,2.9,0.25,33.64,17.55,1.64,17.29,11.42,1.33,2.59,0.95,1.2,0.25,1.51,"12,000","372,000",1.76,-0.25,-1.31,0.53,-0.29,0.09,0.01,-0.18
Hugo Cuypers,Chicago Fire,Designated Player,F,BEL,27,2617,0.34,0.37,2.54,1.17,0.07,0.1,2.58,0.17,31.85,15.79,1.27,20.22,13.93,1.51,1.65,0.65,1.27,0.34,1.34,0,"3,238,000",1.31,-0.14,-1.34,-0.05,-0.32,-0.11,0.02,-0.16
Mason Toye,CF Montréal,,F,USA,25,624,0.14,0.29,2.02,1.01,0.0,0.16,1.59,0.14,27.55,13.85,2.45,19.04,13.7,0.72,1.44,0.58,0.0,0.58,1.01,"-250,000","350,000",0.7,-0.33,-1.34,-0.19,-0.97,-0.43,0.0,-0.19
Miguel Berry,LA Galaxy,,F,ESP,26,888,0.2,0.28,1.32,0.3,0.41,0.15,2.43,0.41,28.38,13.99,1.82,18.45,13.18,1.52,1.72,0.71,0.91,0.1,0.91,"49,992","225,000",0.19,0.94,-1.36,0.02,-0.94,-0.23,0.01,-0.18
Corey Baird,FC Cincinnati,TAM Player,F,USA,28,959,0.28,0.29,1.69,0.66,0.19,0.09,2.82,0.28,29.19,16.52,0.66,21.3,16.61,1.78,0.84,0.47,0.94,0.38,0.47,"32,215","676,534",0.61,0.24,-1.38,-0.5,-1.06,-0.42,0.01,-0.18
Mikael Uhre,Philadelphia Union,Designated Player,F,DEN,29,2071,0.48,0.35,2.22,1.13,0.22,0.11,2.26,0.48,27.64,15.64,1.96,17.34,10.56,1.3,0.91,0.17,1.09,0.17,0.7,"200,000","2,000,000",1.37,0.49,-1.38,-0.71,-0.96,-0.24,0.01,-0.18
Tom Barlow,Chicago Fire,,F,USA,28,794,0.23,0.49,3.06,1.36,0.0,0.08,1.7,0.0,30.26,17.23,1.02,20.86,13.83,1.25,0.23,0.11,0.79,0.34,0.57,"50,000","300,000",1.59,-0.7,-1.38,-1.01,-1.08,-0.52,0.03,-0.15
Prince Osei Owusu,Toronto FC,TAM Player,F,GER,27,1848,0.44,0.44,2.09,0.88,0.0,0.07,1.61,0.1,30.34,16.46,1.22,18.21,12.76,1.12,1.85,0.88,1.51,0.49,0.97,"175,000","875,000",1.28,-0.63,-1.42,0.2,-0.38,-0.19,0.0,-0.19
Damir Kreilach,Vancouver Whitecaps FC,,M,CRO,34,486,0.37,0.57,2.59,1.3,0.19,0.02,1.11,0.19,33.7,13.52,0.0,25.37,20.93,1.3,0.0,0.0,0.19,0.74,0.37,"55,000","495,000",1.76,-0.38,-1.42,-1.18,-1.24,-0.49,0.01,-0.18
Duncan McGuire,Orlando City,,F,USA,23,1817,0.54,0.4,2.43,1.09,0.1,0.09,1.73,0.25,27.74,15.6,0.99,18.43,13.08,1.54,0.99,0.3,0.4,0.25,0.59,"-285,000","540,000",1.56,-0.18,-1.45,-0.58,-1.3,-0.39,0.11,-0.05
Anderson Julio,Real Salt Lake,TAM Player,F,ECU,27,1592,0.62,0.46,3.28,1.19,0.17,0.14,3.11,0.34,26.12,16.73,1.75,14.59,10.63,1.02,2.6,1.36,0.51,0.4,0.9,0,"750,000",2.02,0.47,-1.46,0.87,-0.94,0.19,0.05,-0.13
Kelvin Yeboah,Minnesota United,Designated Player,F,ITA,24,1125,0.8,0.64,3.44,1.68,0.16,0.11,1.92,0.32,27.04,16.24,1.68,16.08,10.48,0.88,2.56,1.36,0.4,0.16,0.4,"50,000","1,275,000",2.87,0.12,-1.46,0.85,-1.49,0.18,0.03,-0.15
Georgios Koutsias,Chicago Fire,U22 Initiative,F,GRE,20,900,0.2,0.39,2.6,1.3,0.1,0.08,1.9,0.3,26.1,16.2,1.7,17.9,13.1,0.4,1.1,0.4,1.2,0.1,0.1,0,"470,800",1.25,-0.11,-1.46,-0.46,-1.38,-0.43,0.0,-0.19
Josef Martínez,CF Montréal,TAM Player,F,VEN,30,1503,0.78,0.63,3.05,1.26,0.18,0.11,2.34,0.3,26.41,15.93,0.78,18.92,15.93,1.44,0.72,0.24,0.24,0.06,0.3,"-9,091","1,300,000",2.49,0.22,-1.46,-0.73,-1.7,-0.24,0.14,-0.01
Jacob Murrell,D.C. United,,F,USA,19,884,0.1,0.36,3.16,1.12,0.2,0.12,2.24,0.51,29.32,15.98,0.81,17.21,11.5,1.83,0.81,0.0,0.51,0.2,0.61,"9,221","80,622",1.1,0.51,-1.46,-0.89,-1.27,-0.4,0.0,-0.19
Tai Baribo,Philadelphia Union,TAM Player,F,ISR,26,1487,0.61,0.65,3.15,1.39,0.18,0.07,2.42,0.3,30.02,15.25,0.48,20.46,16.16,1.33,1.21,0.3,1.51,0.42,0.73,"50,000","700,000",2.39,0.11,-1.47,-0.5,-0.6,-0.01,0.01,-0.18
Kevin Kelsy,FC Cincinnati,U22 Initiative,F,VEN,19,1360,0.4,0.19,2.18,1.06,0.0,0.05,1.72,0.13,26.74,16.88,1.06,17.01,12.24,1.26,2.25,1.12,0.46,0.33,0.93,"132,000","612,000",0.96,-0.63,-1.48,0.54,-0.98,-0.32,0.04,-0.14
Forster Ajago,Nashville SC,,F,GHA,22,394,0.0,0.3,2.28,0.69,0.0,0.14,1.83,0.0,32.89,16.45,0.91,18.05,11.65,0.69,1.6,0.69,2.28,0.91,0.91,"9,221","80,622",0.41,-0.5,-1.48,-0.04,0.19,-0.29,0.0,-0.19
Ezequiel Ponce,Houston Dynamo,Designated Player,F,ARG,27,1064,0.51,0.47,2.88,1.18,0.0,0.08,1.44,0.0,28.34,17.51,0.59,18.61,14.04,1.1,1.95,0.68,0.25,0.08,0.25,"30,000","2,590,000",1.79,-0.75,-1.49,0.08,-1.72,-0.42,0.02,-0.16
Preston Judd,San Jose Earthquakes,,F,USA,24,720,0.12,0.26,2.25,1.0,0.0,0.15,1.75,0.12,26.0,13.75,1.25,16.25,10.12,2.0,1.5,0.25,0.62,0.12,1.38,"95,284","185,000",0.68,-0.35,-1.49,-0.43,-0.72,-0.46,0.0,-0.19
Alonso Martínez,New York City FC,,F,CRC,25,1892,0.86,0.61,3.28,1.57,0.14,0.06,1.38,0.24,25.88,15.7,1.24,16.36,12.61,1.19,1.05,0.38,0.62,0.52,0.48,"400,000","700,000",2.8,-0.26,-1.49,-0.49,-1.11,-0.11,0.13,-0.02
Dejan Joveljić,LA Galaxy,U22 Initiative,F,SRB,24,2185,0.78,0.72,2.76,1.4,0.29,0.2,2.64,0.45,26.4,13.76,0.86,17.14,12.11,1.89,1.4,0.45,0.54,0.04,0.49,"2,316,250","3,000,000",2.64,0.93,-1.51,-0.31,-1.44,0.06,0.04,-0.14
Tani Oluwaseyi,Minnesota United,,F,CAN,23,1265,0.57,0.6,2.7,1.28,0.36,0.18,1.64,0.43,26.4,13.94,1.64,15.23,8.68,1.07,1.71,0.36,0.71,0.5,1.14,"410,284","500,000",2.09,0.8,-1.53,-0.26,-0.61,0.1,0.01,-0.18
Patrick Agyemang,Charlotte FC,,F,USA,23,2111,0.43,0.37,2.69,1.15,0.13,0.06,2.56,0.64,21.23,13.98,2.22,10.4,6.99,1.24,2.73,1.28,0.6,0.04,0.26,"32,599","104,000",1.46,0.4,-1.56,0.85,-1.58,-0.09,0.01,-0.18
Felipe Mora,Portland Timbers,TAM Player,F,CHI,30,2063,0.65,0.59,2.92,1.31,0.09,0.1,2.31,0.44,26.48,14.22,0.52,18.15,13.17,1.18,0.74,0.35,0.31,0.31,0.44,0,"1,275,000",2.25,0.16,-1.59,-0.63,-1.41,-0.24,0.15,0.0
Olivier Giroud,Los Angeles FC,Designated Player,F,FRA,37,852,0.0,0.17,1.69,0.32,0.11,0.07,2.32,0.32,28.31,11.73,0.32,19.65,14.26,1.48,0.63,0.21,0.42,0.21,0.85,0,"2,800,000",-0.14,-0.02,-1.59,-0.78,-1.13,-0.73,1.61,1.86
Brian White,Vancouver Whitecaps FC,,F,USA,28,2802,0.55,0.47,2.54,0.96,0.06,0.1,1.41,0.13,27.46,13.14,0.48,17.96,12.01,0.93,0.55,0.19,0.45,0.26,0.64,"245,500","1,000,000",1.63,-0.42,-1.64,-0.83,-1.24,-0.5,1.01,1.09
Deandre Kerr,Toronto FC,Homegrown Player,F,CAN,21,1071,0.25,0.29,1.93,0.84,0.08,0.04,1.43,0.08,24.87,13.7,0.84,13.53,9.83,1.09,2.61,0.84,0.67,0.25,0.34,"20,000","120,000",0.73,-0.61,-1.67,0.45,-1.36,-0.49,0.0,-0.19
Giacomo Vrioni,New England Revolution,Designated Player,F,ALB,25,2256,0.36,0.45,3.23,1.28,0.04,0.06,1.32,0.12,21.58,11.97,0.88,12.41,8.02,0.8,1.4,0.48,0.48,0.04,0.2,"300,000","2,000,000",1.7,-0.61,-1.79,-0.28,-1.67,-0.53,0.01,-0.18
Jamal Thiaré,Atlanta United,TAM Player,F,SEN,30,1523,0.47,0.41,2.07,0.95,0.0,0.05,1.42,0.18,22.1,11.46,0.71,11.58,7.56,0.95,1.54,0.71,0.65,0.18,0.35,"200,000","700,000",1.31,-0.63,-1.81,-0.05,-1.4,-0.52,0.01,-0.18
